user_id,event_name,event_time,amount
1,app_open_initial,2024-02-21,
1,add_money,2024-02-21,77.0
1,make_payment,2024-02-21,9.0
1,set_up_direct_debit,2024-02-24,
1,app_open_return,2024-02-26,
2,add_money,2024-01-17,59.0
2,make_payment,2024-01-18,84.0
2,app_open_return,2024-01-22,
3,app_open_initial,2024-03-12,
3,add_money,2024-03-14,562.0
3,make_payment,2024-03-15,32.0
3,set_up_direct_debit,2024-03-15,
3,app_open_return,2024-03-17,
4,app_open_initial,2024-03-01,
4,add_money,2024-03-04,205.0
5,app_open_initial,2024-01-22,
5,add_money,2024-01-22,560.0
5,make_payment,2024-01-23,33.0
5,app_open_return,2024-01-27,
6,add_money,2024-03-23,740.0
6,make_payment,2024-03-24,24.0
7,app_open_initial,2024-03-28,
7,add_money,2024-03-27,234.0
8,app_open_initial,2024-03-15,
8,add_money,2024-03-18,200.0
8,make_payment,2024-03-18,56.0
8,app_open_return,2024-03-18,
9,app_open_initial,2024-03-15,
9,add_money,2024-03-18,407.0
9,app_open_return,2024-03-18,
10,app_open_initial,2024-03-28,
11,app_open_initial,2024-01-24,
12,app_open_initial,2024-01-03,
13,app_open_initial,2024-01-22,
14,app_open_initial,2024-02-22,
14,add_money,2024-02-25,753.0
14,make_payment,2024-02-25,165.0
15,app_open_initial,2024-01-02,
15,add_money,2024-01-04,373.0
16,add_money,2024-03-29,643.0
17,add_money,2024-01-31,871.0
18,app_open_initial,2024-02-08,
18,add_money,2024-02-07,964.0
18,make_payment,2024-02-07,165.0
18,set_up_direct_debit,2024-02-07,
18,app_open_return,2024-02-14,
19,app_open_initial,2024-01-02,
19,add_money,2024-01-03,891.0
20,app_open_initial,2024-03-05,
20,add_money,2024-03-05,973.0
20,make_payment,2024-03-06,157.0
20,app_open_return,2024-03-10,
21,app_open_initial,2024-03-01,
21,add_money,2024-03-03,392.0
22,add_money,2024-01-23,668.0
22,make_payment,2024-01-25,121.0
22,app_open_return,2024-01-25,
23,app_open_initial,2024-02-03,
24,app_open_initial,2024-03-16,
24,add_money,2024-03-16,613.0
25,app_open_initial,2024-02-28,
25,add_money,2024-03-01,719.0
26,app_open_initial,2024-01-22,
26,add_money,2024-01-24,400.0
27,app_open_initial,2024-03-29,
27,add_money,2024-03-30,494.0
27,make_payment,2024-04-02,88.0
28,app_open_initial,2024-02-19,
28,add_money,2024-02-20,940.0
28,make_payment,2024-02-21,122.0
29,app_open_initial,2024-02-28,
29,add_money,2024-02-29,682.0
30,app_open_initial,2024-02-12,
30,add_money,2024-02-14,99.0
31,app_open_initial,2024-02-29,
31,add_money,2024-03-03,488.0
31,app_open_return,2024-03-04,
32,add_money,2024-03-20,711.0
32,make_payment,2024-03-22,167.0
33,app_open_initial,2024-01-16,
33,add_money,2024-01-15,303.0
33,make_payment,2024-01-18,39.0
34,app_open_initial,2024-03-02,
34,add_money,2024-03-02,508.0
34,app_open_return,2024-03-06,
35,app_open_initial,2024-03-03,
35,add_money,2024-03-04,670.0
35,make_payment,2024-03-07,101.0
35,app_open_return,2024-03-04,
36,app_open_initial,2024-02-16,
36,add_money,2024-02-16,610.0
37,app_open_initial,2024-03-03,
37,add_money,2024-03-03,761.0
38,app_open_initial,2024-02-20,
38,add_money,2024-02-21,776.0
38,make_payment,2024-02-22,39.0
38,app_open_return,2024-02-27,
39,app_open_initial,2024-02-25,
40,app_open_initial,2024-03-04,
40,add_money,2024-03-05,719.0
40,make_payment,2024-03-08,16.0
40,set_up_direct_debit,2024-03-11,
41,app_open_initial,2024-01-04,
41,add_money,2024-01-06,676.0
41,make_payment,2024-01-06,108.0
41,app_open_return,2024-01-10,
42,app_open_initial,2024-02-21,
42,add_money,2024-02-23,792.0
43,app_open_initial,2024-01-08,
43,add_money,2024-01-08,853.0
43,make_payment,2024-01-09,70.0
43,app_open_return,2024-01-09,
44,app_open_initial,2024-01-21,
46,app_open_initial,2024-02-08,
47,app_open_initial,2024-01-18,
47,add_money,2024-01-19,643.0
48,app_open_initial,2024-01-05,
49,app_open_initial,2024-03-29,
49,add_money,2024-03-31,627.0
49,make_payment,2024-04-02,24.0
50,app_open_initial,2024-02-29,
51,app_open_initial,2024-01-15,
52,app_open_initial,2024-01-09,
52,add_money,2024-01-09,702.0
52,make_payment,2024-01-12,153.0
52,set_up_direct_debit,2024-01-12,
52,app_open_return,2024-01-15,
53,app_open_initial,2024-03-31,
53,add_money,2024-04-02,702.0
54,app_open_initial,2024-02-22,
54,add_money,2024-02-22,92.0
55,app_open_initial,2024-01-02,
55,add_money,2024-01-03,827.0
55,make_payment,2024-01-04,15.0
56,app_open_initial,2024-03-24,
56,add_money,2024-03-26,198.0
56,make_payment,2024-03-27,119.0
56,set_up_direct_debit,2024-03-30,
56,app_open_return,2024-03-29,
57,app_open_initial,2024-03-01,
58,app_open_initial,2024-03-12,
58,add_money,2024-03-12,280.0
59,app_open_initial,2024-02-14,
59,add_money,2024-02-15,204.0
59,make_payment,2024-02-16,90.0
59,app_open_return,2024-02-20,
60,app_open_initial,2024-01-09,
60,add_money,2024-01-08,699.0
60,app_open_return,2024-01-14,
61,app_open_initial,2024-02-16,
62,app_open_initial,2024-02-04,
63,app_open_initial,2024-03-19,
63,add_money,2024-03-18,357.0
63,make_payment,2024-03-18,30.0
63,set_up_direct_debit,2024-03-19,
63,app_open_return,2024-03-23,
64,app_open_initial,2024-03-21,
64,add_money,2024-03-24,974.0
64,make_payment,2024-03-24,46.0
65,app_open_initial,2024-02-05,
66,app_open_initial,2024-02-19,
66,app_open_return,2024-02-24,
67,app_open_initial,2024-01-05,
67,add_money,2024-01-05,825.0
68,app_open_initial,2024-01-03,
68,add_money,2024-01-02,516.0
68,make_payment,2024-01-05,197.0
68,app_open_return,2024-01-04,
69,app_open_initial,2024-01-06,
69,add_money,2024-01-09,532.0
69,make_payment,2024-01-09,152.0
69,app_open_return,2024-01-13,
71,app_open_initial,2024-01-04,
71,add_money,2024-01-04,822.0
72,app_open_initial,2024-02-24,
72,add_money,2024-02-26,269.0
73,app_open_initial,2024-03-03,
73,add_money,2024-03-04,610.0
73,make_payment,2024-03-07,82.0
73,set_up_direct_debit,2024-03-07,
73,app_open_return,2024-03-10,
74,add_money,2024-01-21,701.0
74,make_payment,2024-01-22,122.0
75,app_open_initial,2024-03-31,
75,add_money,2024-04-01,571.0
75,make_payment,2024-04-04,150.0
75,set_up_direct_debit,2024-04-04,
75,app_open_return,2024-04-06,
76,app_open_initial,2024-02-13,
76,add_money,2024-02-16,463.0
77,app_open_initial,2024-02-03,
77,add_money,2024-02-05,171.0
78,app_open_initial,2024-03-14,
78,add_money,2024-03-14,446.0
78,make_payment,2024-03-15,140.0
79,app_open_initial,2024-03-03,
79,add_money,2024-03-03,711.0
80,app_open_initial,2024-01-15,
80,add_money,2024-01-14,512.0
80,make_payment,2024-01-15,99.0
80,app_open_return,2024-01-19,
81,app_open_initial,2024-02-17,
81,add_money,2024-02-17,745.0
81,app_open_return,2024-02-23,
82,app_open_initial,2024-01-16,
82,add_money,2024-01-18,278.0
82,make_payment,2024-01-19,190.0
82,set_up_direct_debit,2024-01-19,
82,app_open_return,2024-01-19,
83,add_money,2024-03-15,881.0
83,app_open_return,2024-03-15,
84,app_open_initial,2024-03-19,
84,add_money,2024-03-20,115.0
84,make_payment,2024-03-20,141.0
84,app_open_return,2024-03-21,
85,app_open_initial,2024-03-28,
85,add_money,2024-03-28,682.0
86,app_open_initial,2024-03-02,
87,app_open_initial,2024-02-10,
87,add_money,2024-02-09,181.0
88,app_open_initial,2024-03-25,
88,add_money,2024-03-26,920.0
88,make_payment,2024-03-27,178.0
89,app_open_initial,2024-03-20,
90,app_open_initial,2024-03-22,
90,add_money,2024-03-24,549.0
91,app_open_initial,2024-02-23,
91,add_money,2024-02-25,109.0
91,make_payment,2024-02-27,114.0
91,set_up_direct_debit,2024-03-01,
91,app_open_return,2024-02-29,
92,add_money,2024-01-27,753.0
93,app_open_initial,2024-01-26,
93,add_money,2024-01-27,880.0
93,make_payment,2024-01-29,51.0
94,app_open_initial,2024-03-29,
94,add_money,2024-04-01,801.0
94,make_payment,2024-04-03,51.0
94,app_open_return,2024-03-31,
95,add_money,2024-03-03,622.0
95,app_open_return,2024-03-04,
96,app_open_initial,2024-02-11,
96,add_money,2024-02-11,898.0
97,app_open_initial,2024-01-29,
97,add_money,2024-01-31,630.0
97,app_open_return,2024-01-31,
98,app_open_initial,2024-01-16,
98,add_money,2024-01-16,651.0
98,make_payment,2024-01-18,43.0
98,app_open_return,2024-01-17,
99,app_open_initial,2024-02-14,
99,add_money,2024-02-17,413.0
99,make_payment,2024-02-19,88.0
100,app_open_initial,2024-03-06,
100,add_money,2024-03-06,269.0
100,make_payment,2024-03-08,18.0
100,set_up_direct_debit,2024-03-11,
100,app_open_return,2024-03-08,
101,app_open_initial,2024-03-30,
101,add_money,2024-03-29,277.0
101,make_payment,2024-04-01,86.0
101,app_open_return,2024-04-03,
102,app_open_initial,2024-03-11,
102,add_money,2024-03-13,448.0
102,make_payment,2024-03-16,152.0
102,set_up_direct_debit,2024-03-19,
103,app_open_initial,2024-01-10,
103,add_money,2024-01-10,362.0
103,make_payment,2024-01-10,86.0
103,set_up_direct_debit,2024-01-12,
103,app_open_return,2024-01-11,
104,app_open_initial,2024-03-28,
105,app_open_initial,2024-01-01,
105,add_money,2024-01-04,944.0
105,make_payment,2024-01-06,90.0
106,app_open_initial,2024-01-09,
106,add_money,2024-01-10,730.0
107,app_open_initial,2024-03-29,
107,add_money,2024-03-28,891.0
107,make_payment,2024-03-29,26.0
108,app_open_initial,2024-03-04,
108,add_money,2024-03-05,135.0
108,make_payment,2024-03-07,172.0
108,set_up_direct_debit,2024-03-09,
108,app_open_return,2024-03-07,
109,app_open_initial,2024-01-12,
109,add_money,2024-01-11,581.0
110,app_open_initial,2024-03-21,
110,add_money,2024-03-21,128.0
111,app_open_initial,2024-01-08,
111,add_money,2024-01-11,75.0
112,app_open_initial,2024-02-04,
113,app_open_initial,2024-02-05,
113,add_money,2024-02-06,650.0
113,make_payment,2024-02-08,151.0
113,app_open_return,2024-02-09,
114,app_open_initial,2024-02-03,
114,add_money,2024-02-02,213.0
114,make_payment,2024-02-05,59.0
114,app_open_return,2024-02-09,
115,app_open_initial,2024-01-06,
115,add_money,2024-01-06,317.0
115,make_payment,2024-01-09,135.0
116,app_open_initial,2024-02-11,
116,add_money,2024-02-10,569.0
117,app_open_initial,2024-01-29,
117,add_money,2024-01-29,807.0
117,app_open_return,2024-02-01,
118,app_open_initial,2024-01-08,
119,app_open_initial,2024-03-14,
119,add_money,2024-03-16,973.0
120,app_open_initial,2024-03-12,
120,add_money,2024-03-14,402.0
120,make_payment,2024-03-17,166.0
120,set_up_direct_debit,2024-03-18,
120,app_open_return,2024-03-18,
121,app_open_initial,2024-01-12,
122,app_open_initial,2024-02-04,
123,app_open_initial,2024-02-02,
123,add_money,2024-02-03,180.0
124,app_open_initial,2024-02-18,
125,app_open_initial,2024-01-24,
126,app_open_initial,2024-03-02,
126,add_money,2024-03-05,945.0
126,make_payment,2024-03-05,112.0
127,app_open_initial,2024-03-29,
127,add_money,2024-03-29,115.0
127,make_payment,2024-04-01,160.0
127,app_open_return,2024-04-02,
128,app_open_initial,2024-02-07,
128,add_money,2024-02-09,240.0
128,make_payment,2024-02-10,157.0
128,set_up_direct_debit,2024-02-12,
128,app_open_return,2024-02-10,
129,app_open_initial,2024-02-13,
129,add_money,2024-02-14,509.0
129,make_payment,2024-02-14,103.0
129,set_up_direct_debit,2024-02-16,
129,app_open_return,2024-02-15,
130,add_money,2024-03-28,652.0
130,make_payment,2024-03-29,42.0
130,set_up_direct_debit,2024-03-29,
130,app_open_return,2024-03-30,
131,app_open_initial,2024-02-04,
131,add_money,2024-02-07,930.0
131,make_payment,2024-02-10,18.0
131,app_open_return,2024-02-06,
132,app_open_initial,2024-03-05,
133,app_open_initial,2024-02-16,
134,app_open_initial,2024-03-18,
134,add_money,2024-03-20,992.0
134,make_payment,2024-03-23,170.0
134,set_up_direct_debit,2024-03-26,
134,app_open_return,2024-03-25,
135,app_open_initial,2024-01-03,
135,add_money,2024-01-03,703.0
136,app_open_initial,2024-01-02,
136,add_money,2024-01-03,117.0
137,app_open_initial,2024-01-06,
138,app_open_initial,2024-03-30,
139,app_open_initial,2024-01-14,
140,app_open_initial,2024-01-27,
140,add_money,2024-01-27,733.0
140,make_payment,2024-01-27,193.0
140,set_up_direct_debit,2024-01-29,
141,add_money,2024-01-09,392.0
141,make_payment,2024-01-12,186.0
142,app_open_initial,2024-03-20,
142,add_money,2024-03-20,281.0
143,app_open_initial,2024-01-15,
143,add_money,2024-01-17,397.0
143,make_payment,2024-01-18,80.0
144,add_money,2024-04-01,410.0
145,app_open_initial,2024-02-11,
145,add_money,2024-02-11,829.0
146,app_open_initial,2024-03-18,
147,app_open_initial,2024-02-21,
147,add_money,2024-02-23,798.0
147,make_payment,2024-02-23,145.0
148,app_open_initial,2024-03-04,
148,add_money,2024-03-06,914.0
148,make_payment,2024-03-06,181.0
148,set_up_direct_debit,2024-03-07,
148,app_open_return,2024-03-10,
149,app_open_initial,2024-02-22,
149,add_money,2024-02-21,578.0
149,make_payment,2024-02-23,63.0
150,app_open_initial,2024-01-04,
150,add_money,2024-01-06,382.0
150,app_open_return,2024-01-09,
151,app_open_initial,2024-01-24,
152,app_open_initial,2024-01-16,
152,add_money,2024-01-16,152.0
153,add_money,2024-02-13,480.0
153,make_payment,2024-02-15,88.0
153,app_open_return,2024-02-19,
154,app_open_initial,2024-01-30,
154,add_money,2024-01-31,800.0
154,make_payment,2024-02-03,117.0
154,set_up_direct_debit,2024-02-04,
154,app_open_return,2024-01-31,
155,add_money,2024-02-05,251.0
155,make_payment,2024-02-07,14.0
155,app_open_return,2024-02-07,
156,app_open_initial,2024-01-14,
156,add_money,2024-01-14,716.0
157,app_open_initial,2024-02-02,
157,add_money,2024-02-01,986.0
157,make_payment,2024-02-03,69.0
157,set_up_direct_debit,2024-02-05,
157,app_open_return,2024-02-07,
158,app_open_initial,2024-03-11,
158,add_money,2024-03-13,457.0
159,app_open_initial,2024-02-29,
159,add_money,2024-02-28,424.0
160,app_open_initial,2024-03-27,
160,add_money,2024-03-28,244.0
161,app_open_initial,2024-01-29,
161,app_open_return,2024-02-01,
162,app_open_initial,2024-03-07,
162,add_money,2024-03-09,728.0
162,app_open_return,2024-03-11,
163,app_open_initial,2024-02-11,
163,add_money,2024-02-14,836.0
163,make_payment,2024-02-17,150.0
163,app_open_return,2024-02-15,
164,app_open_initial,2024-02-14,
164,add_money,2024-02-17,374.0
165,app_open_initial,2024-03-03,
165,add_money,2024-03-05,674.0
165,make_payment,2024-03-05,162.0
165,set_up_direct_debit,2024-03-07,
165,app_open_return,2024-03-08,
166,app_open_initial,2024-02-26,
166,add_money,2024-02-28,497.0
166,make_payment,2024-03-01,54.0
166,set_up_direct_debit,2024-03-01,
166,app_open_return,2024-03-04,
167,app_open_initial,2024-01-07,
167,add_money,2024-01-07,173.0
167,make_payment,2024-01-09,138.0
168,add_money,2024-01-30,687.0
168,make_payment,2024-01-30,26.0
168,app_open_return,2024-01-30,
169,app_open_initial,2024-01-28,
169,add_money,2024-01-30,392.0
169,make_payment,2024-01-31,102.0
169,set_up_direct_debit,2024-02-02,
169,app_open_return,2024-02-03,
170,app_open_initial,2024-02-14,
170,add_money,2024-02-15,408.0
170,app_open_return,2024-02-19,
171,app_open_initial,2024-03-24,
172,app_open_initial,2024-01-30,
173,app_open_initial,2024-03-03,
173,add_money,2024-03-04,902.0
173,make_payment,2024-03-04,149.0
174,app_open_initial,2024-03-15,
175,app_open_initial,2024-03-30,
175,add_money,2024-03-30,444.0
175,app_open_return,2024-04-03,
176,app_open_initial,2024-03-03,
177,app_open_initial,2024-01-02,
177,add_money,2024-01-04,913.0
177,make_payment,2024-01-06,106.0
178,app_open_initial,2024-01-27,
178,add_money,2024-01-27,548.0
179,add_money,2024-03-04,736.0
180,add_money,2024-03-17,889.0
181,app_open_initial,2024-01-04,
181,add_money,2024-01-05,855.0
181,make_payment,2024-01-05,17.0
181,app_open_return,2024-01-06,
182,app_open_initial,2024-03-10,
182,add_money,2024-03-12,615.0
183,app_open_initial,2024-03-13,
184,app_open_initial,2024-01-27,
184,add_money,2024-01-29,68.0
184,make_payment,2024-01-30,117.0
184,set_up_direct_debit,2024-01-31,
184,app_open_return,2024-01-29,
185,app_open_initial,2024-01-09,
185,add_money,2024-01-09,190.0
186,app_open_initial,2024-03-02,
187,app_open_initial,2024-02-06,
187,add_money,2024-02-07,433.0
187,app_open_return,2024-02-10,
188,app_open_initial,2024-02-20,
188,add_money,2024-02-20,734.0
188,app_open_return,2024-02-24,
189,app_open_initial,2024-02-14,
189,add_money,2024-02-13,424.0
189,app_open_return,2024-02-20,
190,app_open_initial,2024-01-25,
190,add_money,2024-01-27,160.0
190,make_payment,2024-01-28,43.0
190,app_open_return,2024-01-31,
191,app_open_initial,2024-03-20,
191,add_money,2024-03-19,856.0
191,make_payment,2024-03-19,162.0
192,app_open_initial,2024-02-28,
192,add_money,2024-03-01,386.0
193,app_open_initial,2024-02-02,
193,add_money,2024-02-04,709.0
193,app_open_return,2024-02-06,
194,app_open_initial,2024-03-28,
195,app_open_initial,2024-02-21,
196,app_open_initial,2024-03-02,
196,add_money,2024-03-03,809.0
196,app_open_return,2024-03-07,
197,app_open_initial,2024-02-27,
197,add_money,2024-02-28,910.0
197,make_payment,2024-03-02,42.0
198,app_open_initial,2024-02-22,
198,add_money,2024-02-21,881.0
198,make_payment,2024-02-23,125.0
198,app_open_return,2024-02-25,
199,add_money,2024-01-13,960.0
200,app_open_initial,2024-02-09,
200,app_open_return,2024-02-11,
201,app_open_initial,2024-01-02,
201,add_money,2024-01-04,778.0
201,app_open_return,2024-01-08,
202,app_open_initial,2024-01-03,
202,add_money,2024-01-06,925.0
202,make_payment,2024-01-09,179.0
202,app_open_return,2024-01-08,
203,app_open_initial,2024-02-26,
204,app_open_initial,2024-03-21,
204,add_money,2024-03-21,404.0
204,make_payment,2024-03-22,109.0
204,set_up_direct_debit,2024-03-22,
204,app_open_return,2024-03-27,
205,app_open_initial,2024-02-28,
205,add_money,2024-02-28,378.0
206,app_open_initial,2024-01-03,
206,add_money,2024-01-02,798.0
206,make_payment,2024-01-05,12.0
207,app_open_initial,2024-01-03,
207,add_money,2024-01-05,537.0
207,make_payment,2024-01-05,104.0
207,set_up_direct_debit,2024-01-07,
207,app_open_return,2024-01-04,
208,app_open_initial,2024-02-24,
208,add_money,2024-02-26,864.0
208,app_open_return,2024-02-29,
210,add_money,2024-01-03,160.0
210,make_payment,2024-01-06,186.0
210,set_up_direct_debit,2024-01-06,
210,app_open_return,2024-01-06,
211,app_open_initial,2024-01-20,
211,add_money,2024-01-22,168.0
212,app_open_initial,2024-01-03,
213,app_open_initial,2024-02-22,
214,app_open_initial,2024-02-14,
214,add_money,2024-02-13,82.0
214,app_open_return,2024-02-15,
215,app_open_initial,2024-03-31,
215,add_money,2024-03-30,533.0
216,app_open_initial,2024-02-02,
217,app_open_initial,2024-03-11,
217,add_money,2024-03-12,693.0
218,add_money,2024-02-01,128.0
218,make_payment,2024-02-04,8.0
219,app_open_initial,2024-03-09,
219,add_money,2024-03-10,192.0
220,app_open_initial,2024-02-25,
220,add_money,2024-02-25,490.0
221,app_open_initial,2024-03-15,
222,add_money,2024-02-27,540.0
223,app_open_initial,2024-01-18,
223,add_money,2024-01-19,208.0
223,app_open_return,2024-01-19,
224,add_money,2024-02-07,508.0
224,make_payment,2024-02-07,182.0
224,set_up_direct_debit,2024-02-08,
224,app_open_return,2024-02-13,
226,add_money,2024-03-10,763.0
226,make_payment,2024-03-12,7.0
226,set_up_direct_debit,2024-03-12,
226,app_open_return,2024-03-15,
227,app_open_initial,2024-03-10,
227,add_money,2024-03-12,382.0
228,app_open_initial,2024-03-26,
228,add_money,2024-03-28,301.0
229,add_money,2024-01-13,406.0
229,make_payment,2024-01-15,59.0
229,set_up_direct_debit,2024-01-16,
230,app_open_initial,2024-01-16,
230,add_money,2024-01-16,403.0
232,add_money,2024-03-02,544.0
232,make_payment,2024-03-04,43.0
233,app_open_initial,2024-03-10,
233,add_money,2024-03-10,470.0
233,make_payment,2024-03-10,160.0
233,set_up_direct_debit,2024-03-12,
233,app_open_return,2024-03-13,
234,app_open_initial,2024-03-21,
234,add_money,2024-03-23,652.0
234,make_payment,2024-03-25,125.0
235,app_open_initial,2024-01-04,
235,add_money,2024-01-06,296.0
236,app_open_initial,2024-01-20,
236,add_money,2024-01-22,453.0
237,add_money,2024-02-29,66.0
238,app_open_initial,2024-02-05,
238,add_money,2024-02-05,163.0
239,add_money,2024-01-21,764.0
239,app_open_return,2024-01-21,
240,app_open_initial,2024-03-31,
240,add_money,2024-03-30,782.0
240,make_payment,2024-04-02,143.0
240,app_open_return,2024-04-04,
241,app_open_initial,2024-03-07,
241,add_money,2024-03-09,352.0
242,app_open_initial,2024-01-20,
242,add_money,2024-01-20,133.0
242,make_payment,2024-01-23,113.0
242,app_open_return,2024-01-23,
243,app_open_initial,2024-01-21,
243,add_money,2024-01-20,524.0
243,make_payment,2024-01-22,169.0
243,app_open_return,2024-01-24,
244,app_open_initial,2024-03-11,
244,add_money,2024-03-11,585.0
244,make_payment,2024-03-14,71.0
244,app_open_return,2024-03-17,
245,app_open_initial,2024-02-21,
246,app_open_initial,2024-02-02,
246,add_money,2024-02-02,749.0
246,app_open_return,2024-02-05,
247,app_open_initial,2024-02-09,
247,add_money,2024-02-09,261.0
247,make_payment,2024-02-11,90.0
248,app_open_initial,2024-02-08,
248,add_money,2024-02-08,958.0
248,make_payment,2024-02-09,34.0
248,set_up_direct_debit,2024-02-09,
248,app_open_return,2024-02-12,
249,app_open_initial,2024-03-23,
249,add_money,2024-03-24,935.0
249,make_payment,2024-03-27,26.0
250,app_open_initial,2024-01-01,
250,add_money,2024-01-02,251.0
250,make_payment,2024-01-03,13.0
250,set_up_direct_debit,2024-01-06,
250,app_open_return,2024-01-03,
251,app_open_initial,2024-01-12,
251,add_money,2024-01-11,684.0
251,app_open_return,2024-01-13,
252,app_open_initial,2024-02-26,
252,add_money,2024-02-26,944.0
253,app_open_initial,2024-03-29,
254,app_open_initial,2024-02-19,
255,app_open_initial,2024-01-23,
255,add_money,2024-01-24,311.0
255,app_open_return,2024-01-25,
256,app_open_initial,2024-02-01,
256,add_money,2024-01-31,232.0
257,app_open_initial,2024-02-12,
257,add_money,2024-02-14,501.0
257,make_payment,2024-02-16,47.0
257,app_open_return,2024-02-14,
258,app_open_initial,2024-01-08,
258,add_money,2024-01-10,777.0
259,app_open_initial,2024-01-16,
259,add_money,2024-01-16,242.0
259,make_payment,2024-01-19,138.0
259,set_up_direct_debit,2024-01-22,
260,app_open_initial,2024-03-31,
260,add_money,2024-04-01,507.0
261,app_open_initial,2024-03-01,
262,app_open_initial,2024-01-02,
262,add_money,2024-01-04,500.0
263,app_open_initial,2024-01-02,
263,add_money,2024-01-04,162.0
263,make_payment,2024-01-04,79.0
263,set_up_direct_debit,2024-01-07,
263,app_open_return,2024-01-03,
264,app_open_initial,2024-02-18,
264,add_money,2024-02-18,937.0
265,app_open_initial,2024-01-12,
265,add_money,2024-01-14,499.0
265,make_payment,2024-01-16,37.0
266,app_open_initial,2024-03-10,
266,add_money,2024-03-12,871.0
267,app_open_initial,2024-02-06,
267,add_money,2024-02-06,441.0
267,make_payment,2024-02-06,21.0
267,set_up_direct_debit,2024-02-07,
267,app_open_return,2024-02-13,
268,app_open_initial,2024-02-02,
268,add_money,2024-02-01,994.0
268,make_payment,2024-02-04,75.0
268,set_up_direct_debit,2024-02-05,
268,app_open_return,2024-02-05,
269,app_open_initial,2024-01-10,
269,add_money,2024-01-10,71.0
269,make_payment,2024-01-12,43.0
269,set_up_direct_debit,2024-01-14,
270,app_open_initial,2024-01-20,
270,add_money,2024-01-21,645.0
270,make_payment,2024-01-22,162.0
271,app_open_initial,2024-02-17,
271,add_money,2024-02-17,401.0
272,app_open_initial,2024-03-21,
272,add_money,2024-03-23,114.0
272,make_payment,2024-03-23,14.0
272,app_open_return,2024-03-24,
273,add_money,2024-01-04,917.0
274,app_open_initial,2024-01-20,
274,add_money,2024-01-22,866.0
275,app_open_initial,2024-01-24,
276,app_open_initial,2024-02-24,
276,add_money,2024-02-24,419.0
277,add_money,2024-02-02,973.0
278,app_open_initial,2024-01-24,
278,add_money,2024-01-27,909.0
279,app_open_initial,2024-03-16,
279,add_money,2024-03-17,418.0
279,app_open_return,2024-03-20,
280,app_open_initial,2024-03-12,
280,add_money,2024-03-13,118.0
280,make_payment,2024-03-14,44.0
280,app_open_return,2024-03-19,
281,app_open_initial,2024-02-05,
281,add_money,2024-02-06,353.0
281,make_payment,2024-02-07,42.0
281,app_open_return,2024-02-11,
282,app_open_initial,2024-02-07,
282,add_money,2024-02-07,937.0
283,app_open_initial,2024-03-24,
284,app_open_initial,2024-03-29,
285,add_money,2024-01-27,902.0
285,make_payment,2024-01-28,111.0
286,app_open_initial,2024-01-19,
286,add_money,2024-01-18,384.0
286,make_payment,2024-01-19,67.0
286,set_up_direct_debit,2024-01-21,
286,app_open_return,2024-01-24,
287,app_open_initial,2024-03-23,
287,add_money,2024-03-24,871.0
287,make_payment,2024-03-27,133.0
287,app_open_return,2024-03-25,
288,app_open_initial,2024-03-07,
288,add_money,2024-03-09,974.0
288,make_payment,2024-03-10,96.0
289,app_open_initial,2024-02-24,
289,add_money,2024-02-26,118.0
289,make_payment,2024-02-29,192.0
290,app_open_initial,2024-02-04,
290,add_money,2024-02-07,905.0
292,app_open_initial,2024-03-02,
292,add_money,2024-03-04,146.0
292,make_payment,2024-03-04,141.0
292,set_up_direct_debit,2024-03-04,
292,app_open_return,2024-03-08,
293,app_open_initial,2024-02-10,
293,add_money,2024-02-10,125.0
294,app_open_initial,2024-02-03,
294,add_money,2024-02-04,726.0
294,make_payment,2024-02-07,50.0
294,app_open_return,2024-02-08,
295,app_open_initial,2024-03-09,
296,app_open_initial,2024-02-03,
296,add_money,2024-02-02,463.0
296,make_payment,2024-02-04,164.0
296,app_open_return,2024-02-05,
297,app_open_initial,2024-01-14,
297,add_money,2024-01-14,283.0
297,app_open_return,2024-01-21,
298,app_open_initial,2024-01-22,
298,add_money,2024-01-24,713.0
299,app_open_initial,2024-02-18,
300,app_open_initial,2024-01-21,
300,add_money,2024-01-21,403.0
300,make_payment,2024-01-22,133.0
301,app_open_initial,2024-01-08,
301,add_money,2024-01-08,974.0
301,make_payment,2024-01-11,30.0
301,app_open_return,2024-01-11,
302,add_money,2024-01-07,152.0
302,make_payment,2024-01-07,66.0
302,app_open_return,2024-01-13,
303,app_open_initial,2024-03-07,
303,add_money,2024-03-10,843.0
303,make_payment,2024-03-10,58.0
304,app_open_initial,2024-01-17,
305,app_open_initial,2024-02-03,
305,add_money,2024-02-03,462.0
305,make_payment,2024-02-04,173.0
305,app_open_return,2024-02-08,
306,app_open_initial,2024-02-17,
307,app_open_initial,2024-03-17,
307,add_money,2024-03-17,765.0
307,make_payment,2024-03-20,40.0
308,add_money,2024-02-28,606.0
308,app_open_return,2024-03-05,
309,app_open_initial,2024-03-26,
309,add_money,2024-03-28,743.0
310,app_open_initial,2024-01-23,
310,add_money,2024-01-25,892.0
311,app_open_initial,2024-01-30,
312,app_open_initial,2024-02-07,
313,app_open_initial,2024-02-20,
313,add_money,2024-02-20,299.0
314,app_open_initial,2024-02-24,
314,add_money,2024-02-23,404.0
315,app_open_initial,2024-01-08,
315,add_money,2024-01-10,269.0
315,make_payment,2024-01-11,149.0
315,set_up_direct_debit,2024-01-13,
315,app_open_return,2024-01-11,
316,add_money,2024-01-28,623.0
316,make_payment,2024-01-29,193.0
316,app_open_return,2024-01-31,
317,app_open_initial,2024-01-27,
317,add_money,2024-01-28,783.0
318,app_open_initial,2024-01-21,
318,add_money,2024-01-22,445.0
318,make_payment,2024-01-24,150.0
318,app_open_return,2024-01-28,
319,app_open_initial,2024-01-30,
319,add_money,2024-02-01,271.0
319,make_payment,2024-02-02,177.0
319,app_open_return,2024-02-06,
320,app_open_initial,2024-01-29,
320,app_open_return,2024-02-03,
321,app_open_initial,2024-03-05,
321,add_money,2024-03-06,887.0
322,app_open_initial,2024-03-09,
322,add_money,2024-03-09,726.0
322,make_payment,2024-03-10,129.0
322,app_open_return,2024-03-15,
323,app_open_initial,2024-03-02,
323,add_money,2024-03-02,266.0
324,app_open_initial,2024-02-17,
324,add_money,2024-02-17,279.0
324,make_payment,2024-02-20,79.0
327,app_open_initial,2024-02-04,
327,add_money,2024-02-06,449.0
327,make_payment,2024-02-06,39.0
327,set_up_direct_debit,2024-02-08,
328,app_open_initial,2024-03-05,
328,add_money,2024-03-07,550.0
328,make_payment,2024-03-08,163.0
329,app_open_initial,2024-02-19,
329,add_money,2024-02-21,284.0
329,make_payment,2024-02-23,89.0
329,app_open_return,2024-02-23,
330,add_money,2024-01-19,499.0
331,app_open_initial,2024-02-13,
332,app_open_initial,2024-01-31,
332,add_money,2024-02-01,950.0
333,app_open_initial,2024-02-15,
333,add_money,2024-02-16,970.0
334,app_open_initial,2024-01-06,
334,add_money,2024-01-07,937.0
334,app_open_return,2024-01-12,
335,app_open_initial,2024-02-06,
335,add_money,2024-02-06,231.0
335,make_payment,2024-02-08,69.0
336,app_open_initial,2024-01-25,
336,add_money,2024-01-25,992.0
336,make_payment,2024-01-26,146.0
336,set_up_direct_debit,2024-01-27,
337,app_open_initial,2024-02-15,
337,add_money,2024-02-18,167.0
338,app_open_initial,2024-02-23,
338,add_money,2024-02-22,883.0
339,add_money,2024-03-03,925.0
339,make_payment,2024-03-04,152.0
339,set_up_direct_debit,2024-03-07,
339,app_open_return,2024-03-02,
340,app_open_initial,2024-03-04,
340,add_money,2024-03-04,879.0
341,add_money,2024-03-27,230.0
342,app_open_initial,2024-02-01,
342,add_money,2024-02-02,514.0
343,app_open_initial,2024-03-27,
343,add_money,2024-03-28,325.0
343,make_payment,2024-03-28,123.0
344,add_money,2024-02-03,572.0
345,app_open_initial,2024-03-07,
345,add_money,2024-03-08,777.0
345,make_payment,2024-03-11,19.0
345,set_up_direct_debit,2024-03-13,
346,app_open_initial,2024-01-19,
346,add_money,2024-01-21,968.0
347,app_open_initial,2024-01-26,
347,add_money,2024-01-26,88.0
347,make_payment,2024-01-29,129.0
347,set_up_direct_debit,2024-02-01,
347,app_open_return,2024-02-01,
348,add_money,2024-02-24,432.0
349,app_open_initial,2024-02-27,
349,add_money,2024-03-01,351.0
349,app_open_return,2024-03-05,
350,app_open_initial,2024-03-08,
350,add_money,2024-03-09,989.0
350,make_payment,2024-03-10,91.0
350,set_up_direct_debit,2024-03-12,
351,app_open_initial,2024-02-15,
351,add_money,2024-02-18,275.0
351,make_payment,2024-02-18,93.0
352,app_open_initial,2024-01-24,
352,add_money,2024-01-26,880.0
352,make_payment,2024-01-26,85.0
353,app_open_initial,2024-02-01,
353,add_money,2024-02-04,250.0
353,make_payment,2024-02-07,42.0
353,app_open_return,2024-02-05,
354,app_open_initial,2024-02-17,
354,add_money,2024-02-19,236.0
354,app_open_return,2024-02-22,
356,app_open_initial,2024-01-24,
356,add_money,2024-01-25,359.0
356,make_payment,2024-01-27,76.0
357,app_open_initial,2024-03-07,
358,add_money,2024-01-28,787.0
359,app_open_initial,2024-01-02,
359,add_money,2024-01-02,55.0
359,make_payment,2024-01-04,142.0
359,app_open_return,2024-01-04,
360,app_open_initial,2024-03-30,
360,add_money,2024-03-31,357.0
360,app_open_return,2024-04-06,
361,app_open_initial,2024-01-18,
361,add_money,2024-01-18,437.0
361,make_payment,2024-01-20,174.0
362,app_open_initial,2024-02-03,
362,add_money,2024-02-02,960.0
362,make_payment,2024-02-05,62.0
362,set_up_direct_debit,2024-02-07,
362,app_open_return,2024-02-09,
363,app_open_initial,2024-01-09,
363,add_money,2024-01-11,830.0
363,make_payment,2024-01-11,160.0
363,app_open_return,2024-01-12,
364,app_open_initial,2024-02-12,
364,add_money,2024-02-14,62.0
365,app_open_initial,2024-02-17,
365,add_money,2024-02-18,710.0
365,make_payment,2024-02-18,172.0
365,set_up_direct_debit,2024-02-20,
366,app_open_initial,2024-02-08,
366,add_money,2024-02-11,741.0
366,make_payment,2024-02-11,56.0
367,app_open_initial,2024-02-11,
367,add_money,2024-02-11,849.0
367,make_payment,2024-02-11,189.0
367,set_up_direct_debit,2024-02-13,
367,app_open_return,2024-02-13,
368,app_open_initial,2024-01-27,
368,add_money,2024-01-28,664.0
368,make_payment,2024-01-28,164.0
369,app_open_initial,2024-02-20,
369,add_money,2024-02-20,663.0
369,make_payment,2024-02-23,58.0
369,set_up_direct_debit,2024-02-23,
369,app_open_return,2024-02-23,
370,app_open_initial,2024-01-25,
371,add_money,2024-01-24,55.0
372,app_open_initial,2024-01-13,
372,add_money,2024-01-16,629.0
372,make_payment,2024-01-16,47.0
372,set_up_direct_debit,2024-01-16,
372,app_open_return,2024-01-15,
373,app_open_initial,2024-02-29,
373,add_money,2024-03-02,235.0
373,make_payment,2024-03-03,108.0
373,set_up_direct_debit,2024-03-06,
373,app_open_return,2024-03-03,
374,add_money,2024-01-10,521.0
374,make_payment,2024-01-13,170.0
374,set_up_direct_debit,2024-01-13,
374,app_open_return,2024-01-12,
375,app_open_initial,2024-02-26,
376,app_open_initial,2024-02-06,
376,add_money,2024-02-06,122.0
377,app_open_initial,2024-02-14,
377,add_money,2024-02-16,332.0
377,make_payment,2024-02-18,167.0
377,set_up_direct_debit,2024-02-18,
377,app_open_return,2024-02-17,
378,add_money,2024-01-23,520.0
378,make_payment,2024-01-26,187.0
378,set_up_direct_debit,2024-01-27,
378,app_open_return,2024-01-27,
379,add_money,2024-03-08,482.0
379,app_open_return,2024-03-11,
380,app_open_initial,2024-01-09,
380,add_money,2024-01-09,299.0
380,make_payment,2024-01-11,50.0
381,app_open_initial,2024-01-17,
382,app_open_initial,2024-01-15,
382,add_money,2024-01-14,788.0
383,add_money,2024-03-16,229.0
383,make_payment,2024-03-18,65.0
383,app_open_return,2024-03-22,
384,app_open_initial,2024-03-28,
384,add_money,2024-03-28,910.0
384,make_payment,2024-03-30,6.0
384,app_open_return,2024-04-03,
385,add_money,2024-01-17,651.0
386,app_open_initial,2024-03-06,
387,app_open_initial,2024-02-01,
387,add_money,2024-02-04,544.0
387,make_payment,2024-02-06,56.0
387,set_up_direct_debit,2024-02-06,
387,app_open_return,2024-02-07,
388,app_open_initial,2024-03-27,
388,add_money,2024-03-28,743.0
389,app_open_initial,2024-03-03,
389,add_money,2024-03-06,751.0
390,app_open_initial,2024-03-26,
391,add_money,2024-02-21,288.0
391,make_payment,2024-02-23,58.0
392,app_open_initial,2024-01-26,
393,add_money,2024-02-27,979.0
393,make_payment,2024-02-27,24.0
393,set_up_direct_debit,2024-02-29,
393,app_open_return,2024-03-01,
394,app_open_initial,2024-03-03,
394,add_money,2024-03-03,952.0
394,make_payment,2024-03-05,147.0
395,app_open_initial,2024-03-02,
395,add_money,2024-03-05,661.0
396,app_open_initial,2024-01-23,
396,add_money,2024-01-22,376.0
396,make_payment,2024-01-22,103.0
396,app_open_return,2024-01-25,
397,app_open_initial,2024-02-27,
397,add_money,2024-02-29,885.0
397,app_open_return,2024-03-05,
398,app_open_initial,2024-02-28,
398,add_money,2024-02-27,243.0
398,app_open_return,2024-03-02,
399,app_open_initial,2024-03-26,
399,add_money,2024-03-29,632.0
400,app_open_initial,2024-02-18,
400,add_money,2024-02-19,507.0
400,make_payment,2024-02-20,121.0
401,app_open_initial,2024-02-21,
401,add_money,2024-02-22,951.0
401,app_open_return,2024-02-26,
402,app_open_initial,2024-02-11,
402,add_money,2024-02-12,195.0
402,make_payment,2024-02-13,100.0
402,set_up_direct_debit,2024-02-14,
402,app_open_return,2024-02-15,
403,app_open_initial,2024-03-11,
403,add_money,2024-03-10,145.0
404,app_open_initial,2024-01-15,
405,app_open_initial,2024-02-23,
405,add_money,2024-02-26,808.0
405,make_payment,2024-02-28,7.0
405,app_open_return,2024-03-01,
406,app_open_initial,2024-02-29,
406,add_money,2024-02-29,840.0
406,make_payment,2024-02-29,179.0
406,app_open_return,2024-03-07,
407,app_open_initial,2024-01-09,
407,add_money,2024-01-11,544.0
408,app_open_initial,2024-02-23,
408,add_money,2024-02-24,986.0
408,make_payment,2024-02-26,120.0
408,set_up_direct_debit,2024-02-27,
408,app_open_return,2024-02-26,
409,app_open_initial,2024-03-01,
410,app_open_initial,2024-01-06,
410,add_money,2024-01-05,859.0
410,app_open_return,2024-01-07,
411,app_open_initial,2024-03-08,
411,add_money,2024-03-09,705.0
411,make_payment,2024-03-12,179.0
411,set_up_direct_debit,2024-03-13,
411,app_open_return,2024-03-14,
412,app_open_initial,2024-01-07,
412,add_money,2024-01-08,972.0
413,add_money,2024-02-17,624.0
413,make_payment,2024-02-20,145.0
414,app_open_initial,2024-02-25,
414,add_money,2024-02-27,886.0
414,make_payment,2024-03-01,32.0
414,set_up_direct_debit,2024-03-03,
415,app_open_initial,2024-02-10,
415,add_money,2024-02-11,229.0
415,make_payment,2024-02-11,33.0
415,set_up_direct_debit,2024-02-14,
415,app_open_return,2024-02-14,
416,app_open_initial,2024-02-22,
416,add_money,2024-02-21,76.0
417,app_open_initial,2024-01-16,
417,add_money,2024-01-17,273.0
417,app_open_return,2024-01-21,
418,app_open_initial,2024-01-13,
418,add_money,2024-01-13,476.0
420,app_open_initial,2024-01-19,
420,add_money,2024-01-22,288.0
420,app_open_return,2024-01-24,
421,app_open_initial,2024-01-17,
421,add_money,2024-01-18,636.0
421,make_payment,2024-01-19,72.0
421,set_up_direct_debit,2024-01-20,
421,app_open_return,2024-01-19,
422,app_open_initial,2024-03-03,
422,add_money,2024-03-04,527.0
422,make_payment,2024-03-06,189.0
423,add_money,2024-01-21,933.0
423,make_payment,2024-01-22,64.0
424,app_open_initial,2024-02-27,
425,app_open_initial,2024-02-24,
425,add_money,2024-02-26,459.0
426,app_open_initial,2024-03-30,
427,app_open_initial,2024-03-31,
427,add_money,2024-03-31,841.0
427,app_open_return,2024-04-03,
428,add_money,2024-03-02,244.0
428,make_payment,2024-03-03,31.0
429,app_open_initial,2024-01-24,
429,add_money,2024-01-26,727.0
429,make_payment,2024-01-29,129.0
430,app_open_initial,2024-01-10,
430,add_money,2024-01-10,352.0
430,make_payment,2024-01-13,26.0
430,set_up_direct_debit,2024-01-14,
430,app_open_return,2024-01-11,
431,add_money,2024-01-12,371.0
431,make_payment,2024-01-12,80.0
431,set_up_direct_debit,2024-01-13,
431,app_open_return,2024-01-15,
432,app_open_initial,2024-01-01,
432,add_money,2024-01-01,484.0
432,app_open_return,2024-01-05,
433,app_open_initial,2024-02-27,
433,app_open_return,2024-03-03,
434,app_open_initial,2024-01-02,
434,add_money,2024-01-04,966.0
434,make_payment,2024-01-05,105.0
434,app_open_return,2024-01-04,
435,app_open_initial,2024-02-04,
436,app_open_initial,2024-02-17,
436,add_money,2024-02-20,489.0
437,app_open_initial,2024-03-30,
437,add_money,2024-03-31,529.0
437,app_open_return,2024-04-04,
438,app_open_initial,2024-01-02,
438,add_money,2024-01-03,767.0
439,app_open_initial,2024-01-17,
439,add_money,2024-01-17,849.0
440,app_open_initial,2024-03-02,
440,add_money,2024-03-01,844.0
440,make_payment,2024-03-04,127.0
440,set_up_direct_debit,2024-03-06,
440,app_open_return,2024-03-05,
441,app_open_initial,2024-03-04,
441,add_money,2024-03-05,849.0
442,app_open_initial,2024-03-03,
442,add_money,2024-03-05,458.0
442,make_payment,2024-03-06,177.0
442,app_open_return,2024-03-05,
443,app_open_initial,2024-03-09,
443,add_money,2024-03-11,615.0
443,make_payment,2024-03-11,58.0
444,app_open_initial,2024-01-22,
444,add_money,2024-01-22,160.0
444,make_payment,2024-01-23,161.0
445,app_open_initial,2024-03-07,
445,add_money,2024-03-09,758.0
446,app_open_initial,2024-03-16,
447,add_money,2024-01-28,702.0
448,app_open_initial,2024-01-16,
448,add_money,2024-01-17,92.0
448,make_payment,2024-01-20,46.0
448,app_open_return,2024-01-20,
449,app_open_initial,2024-02-20,
449,add_money,2024-02-22,801.0
449,make_payment,2024-02-25,187.0
449,set_up_direct_debit,2024-02-26,
449,app_open_return,2024-02-24,
450,app_open_initial,2024-03-26,
450,add_money,2024-03-27,991.0
451,app_open_initial,2024-02-26,
452,app_open_initial,2024-01-30,
452,add_money,2024-01-31,366.0
453,app_open_initial,2024-03-19,
453,add_money,2024-03-18,470.0
453,make_payment,2024-03-21,125.0
454,app_open_initial,2024-03-10,
454,add_money,2024-03-11,529.0
455,app_open_initial,2024-02-17,
455,add_money,2024-02-16,840.0
455,make_payment,2024-02-18,115.0
455,set_up_direct_debit,2024-02-18,
455,app_open_return,2024-02-20,
456,app_open_initial,2024-03-03,
456,add_money,2024-03-03,397.0
457,app_open_initial,2024-03-09,
458,add_money,2024-03-18,608.0
459,app_open_initial,2024-01-17,
460,app_open_initial,2024-03-31,
460,add_money,2024-03-31,699.0
460,make_payment,2024-04-03,129.0
460,set_up_direct_debit,2024-04-05,
460,app_open_return,2024-04-01,
461,app_open_initial,2024-03-31,
461,add_money,2024-03-30,693.0
461,make_payment,2024-03-31,8.0
462,add_money,2024-02-17,969.0
463,app_open_initial,2024-03-25,
463,add_money,2024-03-25,707.0
463,make_payment,2024-03-25,20.0
464,app_open_initial,2024-02-08,
464,add_money,2024-02-11,991.0
465,app_open_initial,2024-02-03,
465,add_money,2024-02-03,157.0
466,app_open_initial,2024-01-23,
468,app_open_initial,2024-03-10,
469,app_open_initial,2024-02-04,
470,app_open_initial,2024-02-21,
470,add_money,2024-02-22,204.0
470,make_payment,2024-02-23,153.0
470,set_up_direct_debit,2024-02-23,
470,app_open_return,2024-02-28,
471,app_open_initial,2024-01-11,
471,add_money,2024-01-10,221.0
471,make_payment,2024-01-12,139.0
471,app_open_return,2024-01-16,
473,app_open_initial,2024-02-27,
473,add_money,2024-02-27,147.0
474,app_open_initial,2024-01-02,
474,add_money,2024-01-03,234.0
474,make_payment,2024-01-05,148.0
474,app_open_return,2024-01-06,
475,app_open_initial,2024-03-09,
475,add_money,2024-03-09,711.0
475,make_payment,2024-03-11,46.0
475,set_up_direct_debit,2024-03-13,
475,app_open_return,2024-03-12,
476,app_open_initial,2024-01-04,
476,add_money,2024-01-06,388.0
476,app_open_return,2024-01-08,
477,app_open_initial,2024-01-16,
478,add_money,2024-01-25,389.0
478,make_payment,2024-01-27,89.0
478,set_up_direct_debit,2024-01-30,
478,app_open_return,2024-01-30,
479,add_money,2024-03-21,382.0
479,make_payment,2024-03-23,19.0
480,add_money,2024-01-05,50.0
480,make_payment,2024-01-08,114.0
480,app_open_return,2024-01-05,
481,app_open_initial,2024-02-01,
481,add_money,2024-02-02,417.0
481,app_open_return,2024-02-05,
482,app_open_initial,2024-03-24,
483,app_open_initial,2024-01-25,
483,add_money,2024-01-26,493.0
483,make_payment,2024-01-29,183.0
483,set_up_direct_debit,2024-02-01,
483,app_open_return,2024-01-29,
484,app_open_initial,2024-01-13,
484,add_money,2024-01-13,372.0
485,add_money,2024-02-19,318.0
485,make_payment,2024-02-22,122.0
485,app_open_return,2024-02-22,
486,app_open_initial,2024-02-05,
486,add_money,2024-02-07,544.0
486,make_payment,2024-02-09,187.0
487,app_open_initial,2024-02-03,
488,app_open_initial,2024-02-02,
488,add_money,2024-02-04,775.0
488,make_payment,2024-02-05,23.0
488,set_up_direct_debit,2024-02-07,
488,app_open_return,2024-02-07,
489,app_open_initial,2024-03-01,
489,add_money,2024-03-04,302.0
489,make_payment,2024-03-04,158.0
490,app_open_initial,2024-02-21,
490,add_money,2024-02-22,359.0
490,make_payment,2024-02-25,167.0
490,app_open_return,2024-02-25,
491,app_open_initial,2024-02-13,
492,add_money,2024-01-14,676.0
493,app_open_initial,2024-03-08,
494,app_open_initial,2024-03-05,
494,add_money,2024-03-07,908.0
494,app_open_return,2024-03-09,
495,app_open_initial,2024-02-02,
495,add_money,2024-02-03,481.0
496,app_open_initial,2024-02-09,
496,add_money,2024-02-09,139.0
496,app_open_return,2024-02-11,
497,app_open_initial,2024-03-14,
497,app_open_return,2024-03-19,
498,app_open_initial,2024-02-12,
498,add_money,2024-02-12,183.0
498,app_open_return,2024-02-19,
499,app_open_initial,2024-02-14,
499,add_money,2024-02-15,552.0
499,app_open_return,2024-02-17,
500,app_open_initial,2024-01-29,
500,add_money,2024-02-01,798.0
500,make_payment,2024-02-01,157.0
500,set_up_direct_debit,2024-02-04,
500,app_open_return,2024-02-01,
501,add_money,2024-01-15,968.0
501,make_payment,2024-01-18,186.0
502,app_open_initial,2024-01-13,
502,add_money,2024-01-15,488.0
502,make_payment,2024-01-15,129.0
503,app_open_initial,2024-02-15,
503,add_money,2024-02-17,336.0
503,make_payment,2024-02-18,22.0
503,set_up_direct_debit,2024-02-21,
503,app_open_return,2024-02-20,
504,app_open_initial,2024-01-02,
504,add_money,2024-01-03,437.0
504,make_payment,2024-01-05,103.0
505,app_open_initial,2024-02-04,
505,add_money,2024-02-05,654.0
506,app_open_initial,2024-03-27,
506,add_money,2024-03-29,545.0
506,make_payment,2024-04-01,13.0
506,set_up_direct_debit,2024-04-03,
506,app_open_return,2024-04-02,
507,app_open_initial,2024-03-22,
507,add_money,2024-03-24,598.0
507,make_payment,2024-03-27,77.0
507,app_open_return,2024-03-26,
508,app_open_initial,2024-03-31,
508,app_open_return,2024-04-05,
509,app_open_initial,2024-01-08,
510,app_open_initial,2024-01-27,
510,add_money,2024-01-26,542.0
511,app_open_initial,2024-03-15,
511,add_money,2024-03-16,747.0
511,make_payment,2024-03-18,122.0
511,set_up_direct_debit,2024-03-18,
511,app_open_return,2024-03-18,
512,app_open_initial,2024-03-31,
512,add_money,2024-04-02,433.0
513,app_open_initial,2024-02-03,
513,add_money,2024-02-04,994.0
514,app_open_initial,2024-01-07,
514,add_money,2024-01-09,281.0
514,app_open_return,2024-01-12,
515,app_open_initial,2024-03-08,
515,add_money,2024-03-08,56.0
516,app_open_initial,2024-02-28,
516,add_money,2024-02-28,334.0
516,make_payment,2024-03-01,85.0
516,app_open_return,2024-03-02,
517,app_open_initial,2024-03-16,
518,app_open_initial,2024-01-30,
518,add_money,2024-01-30,233.0
518,make_payment,2024-02-01,76.0
518,app_open_return,2024-02-05,
519,add_money,2024-02-05,718.0
520,app_open_initial,2024-03-29,
520,add_money,2024-03-29,665.0
521,app_open_initial,2024-01-21,
521,add_money,2024-01-21,172.0
522,app_open_initial,2024-02-06,
522,add_money,2024-02-07,432.0
522,make_payment,2024-02-10,137.0
523,add_money,2024-01-11,496.0
524,app_open_initial,2024-03-14,
524,add_money,2024-03-15,899.0
524,make_payment,2024-03-16,83.0
524,set_up_direct_debit,2024-03-18,
524,app_open_return,2024-03-18,
525,app_open_initial,2024-01-24,
525,add_money,2024-01-26,410.0
525,make_payment,2024-01-29,100.0
526,add_money,2024-03-05,495.0
526,make_payment,2024-03-06,125.0
526,set_up_direct_debit,2024-03-07,
526,app_open_return,2024-03-10,
527,app_open_initial,2024-02-19,
527,add_money,2024-02-19,63.0
527,app_open_return,2024-02-20,
528,app_open_initial,2024-02-05,
528,add_money,2024-02-05,389.0
528,make_payment,2024-02-05,26.0
528,set_up_direct_debit,2024-02-08,
529,app_open_initial,2024-03-22,
529,add_money,2024-03-23,552.0
530,app_open_initial,2024-01-25,
530,add_money,2024-01-24,374.0
530,make_payment,2024-01-27,20.0
531,app_open_initial,2024-01-24,
531,add_money,2024-01-23,924.0
532,app_open_initial,2024-03-02,
532,add_money,2024-03-04,927.0
533,app_open_initial,2024-02-06,
533,add_money,2024-02-09,174.0
533,make_payment,2024-02-11,63.0
534,app_open_initial,2024-01-13,
535,app_open_initial,2024-02-25,
535,add_money,2024-02-27,674.0
535,make_payment,2024-02-28,186.0
535,set_up_direct_debit,2024-02-28,
535,app_open_return,2024-03-01,
536,app_open_initial,2024-01-13,
536,add_money,2024-01-14,548.0
536,make_payment,2024-01-15,62.0
536,set_up_direct_debit,2024-01-17,
536,app_open_return,2024-01-16,
537,app_open_initial,2024-01-24,
537,add_money,2024-01-23,117.0
538,app_open_initial,2024-03-29,
538,add_money,2024-03-29,812.0
538,make_payment,2024-03-30,183.0
538,set_up_direct_debit,2024-03-31,
538,app_open_return,2024-04-02,
539,app_open_initial,2024-01-30,
540,app_open_initial,2024-01-17,
540,add_money,2024-01-19,746.0
540,make_payment,2024-01-21,66.0
541,add_money,2024-03-02,603.0
541,make_payment,2024-03-04,162.0
541,set_up_direct_debit,2024-03-06,
542,app_open_initial,2024-03-24,
542,add_money,2024-03-25,489.0
542,make_payment,2024-03-28,123.0
542,set_up_direct_debit,2024-03-31,
542,app_open_return,2024-03-27,
543,app_open_initial,2024-03-30,
544,app_open_initial,2024-03-26,
544,add_money,2024-03-26,577.0
544,make_payment,2024-03-26,58.0
544,set_up_direct_debit,2024-03-29,
544,app_open_return,2024-03-31,
546,add_money,2024-03-01,157.0
546,make_payment,2024-03-02,82.0
547,app_open_initial,2024-01-20,
547,add_money,2024-01-19,701.0
548,app_open_initial,2024-02-19,
548,add_money,2024-02-19,247.0
548,app_open_return,2024-02-20,
549,app_open_initial,2024-01-13,
549,add_money,2024-01-14,93.0
550,app_open_initial,2024-03-01,
550,add_money,2024-03-01,118.0
550,make_payment,2024-03-03,126.0
550,set_up_direct_debit,2024-03-05,
550,app_open_return,2024-03-08,
551,app_open_initial,2024-01-19,
551,add_money,2024-01-21,462.0
551,make_payment,2024-01-21,173.0
552,app_open_initial,2024-03-17,
553,app_open_initial,2024-01-10,
553,add_money,2024-01-11,59.0
553,make_payment,2024-01-12,162.0
553,app_open_return,2024-01-11,
554,app_open_initial,2024-03-11,
554,add_money,2024-03-12,868.0
555,app_open_initial,2024-01-28,
555,add_money,2024-01-31,770.0
555,make_payment,2024-02-02,190.0
555,set_up_direct_debit,2024-02-05,
555,app_open_return,2024-02-03,
556,app_open_initial,2024-03-18,
556,add_money,2024-03-21,496.0
557,app_open_initial,2024-02-22,
557,add_money,2024-02-22,90.0
557,make_payment,2024-02-25,114.0
557,set_up_direct_debit,2024-02-25,
557,app_open_return,2024-02-23,
558,app_open_initial,2024-03-23,
558,add_money,2024-03-26,698.0
558,make_payment,2024-03-26,121.0
559,app_open_initial,2024-01-16,
559,add_money,2024-01-18,974.0
560,app_open_initial,2024-03-10,
560,add_money,2024-03-09,131.0
560,make_payment,2024-03-10,181.0
560,set_up_direct_debit,2024-03-13,
561,app_open_initial,2024-01-13,
561,add_money,2024-01-15,314.0
561,make_payment,2024-01-17,19.0
561,set_up_direct_debit,2024-01-19,
561,app_open_return,2024-01-17,
562,app_open_initial,2024-01-26,
562,add_money,2024-01-28,482.0
562,make_payment,2024-01-28,135.0
563,app_open_initial,2024-02-21,
563,add_money,2024-02-24,880.0
564,app_open_initial,2024-03-26,
564,add_money,2024-03-25,679.0
565,app_open_initial,2024-02-22,
565,add_money,2024-02-22,610.0
565,make_payment,2024-02-23,148.0
566,app_open_initial,2024-01-24,
566,add_money,2024-01-25,282.0
566,make_payment,2024-01-26,94.0
566,app_open_return,2024-01-25,
567,app_open_initial,2024-01-16,
567,add_money,2024-01-19,814.0
567,make_payment,2024-01-20,146.0
567,app_open_return,2024-01-19,
568,app_open_initial,2024-02-26,
568,add_money,2024-02-27,659.0
569,app_open_initial,2024-02-09,
569,add_money,2024-02-08,136.0
569,make_payment,2024-02-10,85.0
570,app_open_initial,2024-02-22,
571,app_open_initial,2024-02-12,
572,app_open_initial,2024-02-27,
572,add_money,2024-02-27,241.0
572,make_payment,2024-02-28,16.0
573,app_open_initial,2024-02-09,
573,add_money,2024-02-11,68.0
573,make_payment,2024-02-13,57.0
573,set_up_direct_debit,2024-02-16,
573,app_open_return,2024-02-14,
574,app_open_initial,2024-01-15,
575,app_open_initial,2024-01-05,
575,add_money,2024-01-05,578.0
576,app_open_initial,2024-02-05,
577,app_open_initial,2024-03-28,
577,add_money,2024-03-28,701.0
577,make_payment,2024-03-30,38.0
577,set_up_direct_debit,2024-03-31,
577,app_open_return,2024-03-31,
578,app_open_initial,2024-03-15,
578,add_money,2024-03-17,565.0
578,make_payment,2024-03-18,110.0
579,app_open_initial,2024-01-18,
580,app_open_initial,2024-03-17,
580,add_money,2024-03-18,496.0
580,make_payment,2024-03-21,77.0
580,app_open_return,2024-03-21,
581,app_open_initial,2024-01-10,
582,app_open_initial,2024-03-15,
582,add_money,2024-03-15,801.0
582,make_payment,2024-03-15,90.0
582,app_open_return,2024-03-19,
583,add_money,2024-02-27,459.0
583,app_open_return,2024-03-03,
584,app_open_initial,2024-01-18,
584,app_open_return,2024-01-19,
585,app_open_initial,2024-01-08,
585,add_money,2024-01-08,169.0
586,app_open_initial,2024-02-16,
586,add_money,2024-02-15,492.0
587,app_open_initial,2024-01-14,
587,add_money,2024-01-15,635.0
588,app_open_initial,2024-02-10,
588,add_money,2024-02-11,787.0
588,make_payment,2024-02-14,130.0
589,app_open_initial,2024-02-11,
590,app_open_initial,2024-01-10,
590,add_money,2024-01-11,931.0
590,make_payment,2024-01-12,114.0
591,add_money,2024-02-21,485.0
592,app_open_initial,2024-01-27,
592,add_money,2024-01-30,650.0
592,make_payment,2024-02-01,98.0
593,app_open_initial,2024-03-06,
593,add_money,2024-03-07,870.0
593,make_payment,2024-03-08,61.0
593,app_open_return,2024-03-13,
594,app_open_initial,2024-01-05,
594,add_money,2024-01-08,940.0
594,make_payment,2024-01-10,80.0
595,app_open_initial,2024-01-29,
595,add_money,2024-01-30,688.0
596,app_open_initial,2024-02-07,
596,add_money,2024-02-07,237.0
596,app_open_return,2024-02-12,
597,app_open_initial,2024-02-08,
597,add_money,2024-02-07,742.0
597,make_payment,2024-02-09,110.0
598,app_open_initial,2024-03-23,
598,add_money,2024-03-26,789.0
599,app_open_initial,2024-01-09,
600,app_open_initial,2024-03-05,
600,add_money,2024-03-07,536.0
600,make_payment,2024-03-09,127.0
600,set_up_direct_debit,2024-03-09,
601,app_open_initial,2024-03-26,
601,add_money,2024-03-26,349.0
601,make_payment,2024-03-26,101.0
601,set_up_direct_debit,2024-03-29,
601,app_open_return,2024-03-31,
602,app_open_initial,2024-01-18,
602,add_money,2024-01-18,927.0
602,make_payment,2024-01-20,110.0
603,app_open_initial,2024-03-12,
603,add_money,2024-03-11,120.0
604,add_money,2024-03-29,704.0
604,app_open_return,2024-04-02,
605,app_open_initial,2024-02-15,
605,add_money,2024-02-17,912.0
606,add_money,2024-01-07,150.0
606,make_payment,2024-01-07,57.0
606,set_up_direct_debit,2024-01-09,
606,app_open_return,2024-01-06,
607,app_open_initial,2024-02-05,
607,add_money,2024-02-05,474.0
607,make_payment,2024-02-06,32.0
607,set_up_direct_debit,2024-02-09,
607,app_open_return,2024-02-08,
608,app_open_initial,2024-03-10,
608,add_money,2024-03-10,417.0
609,app_open_initial,2024-02-01,
609,add_money,2024-01-31,495.0
610,app_open_initial,2024-01-19,
610,add_money,2024-01-21,947.0
610,app_open_return,2024-01-26,
611,app_open_initial,2024-03-01,
611,add_money,2024-03-04,100.0
612,app_open_initial,2024-02-24,
612,add_money,2024-02-25,510.0
613,app_open_initial,2024-02-09,
613,add_money,2024-02-10,263.0
614,add_money,2024-03-17,360.0
614,make_payment,2024-03-20,99.0
614,app_open_return,2024-03-21,
615,app_open_initial,2024-03-30,
616,app_open_initial,2024-01-19,
616,add_money,2024-01-19,452.0
616,make_payment,2024-01-20,66.0
617,add_money,2024-02-08,477.0
617,make_payment,2024-02-10,38.0
617,app_open_return,2024-02-11,
618,app_open_initial,2024-03-07,
619,app_open_initial,2024-02-15,
619,add_money,2024-02-14,441.0
619,make_payment,2024-02-14,82.0
619,set_up_direct_debit,2024-02-14,
619,app_open_return,2024-02-16,
620,app_open_initial,2024-01-13,
620,add_money,2024-01-16,494.0
621,app_open_initial,2024-02-28,
621,add_money,2024-02-28,658.0
622,add_money,2024-01-22,311.0
623,app_open_initial,2024-03-13,
624,app_open_initial,2024-03-02,
624,add_money,2024-03-01,205.0
624,make_payment,2024-03-01,22.0
624,set_up_direct_debit,2024-03-01,
624,app_open_return,2024-03-03,
625,add_money,2024-02-08,276.0
625,make_payment,2024-02-10,157.0
626,app_open_initial,2024-01-02,
626,add_money,2024-01-02,233.0
627,app_open_initial,2024-01-03,
627,add_money,2024-01-03,898.0
628,app_open_initial,2024-03-18,
628,add_money,2024-03-18,364.0
628,app_open_return,2024-03-20,
629,app_open_initial,2024-03-03,
629,add_money,2024-03-02,472.0
630,app_open_initial,2024-03-03,
630,add_money,2024-03-03,437.0
631,app_open_initial,2024-01-26,
631,add_money,2024-01-28,356.0
631,make_payment,2024-01-28,150.0
631,set_up_direct_debit,2024-01-30,
631,app_open_return,2024-01-27,
632,app_open_return,2024-02-27,
633,app_open_initial,2024-02-03,
633,add_money,2024-02-05,969.0
633,make_payment,2024-02-07,31.0
633,set_up_direct_debit,2024-02-10,
633,app_open_return,2024-02-08,
634,app_open_initial,2024-02-07,
634,add_money,2024-02-09,876.0
634,make_payment,2024-02-11,128.0
635,app_open_initial,2024-01-07,
636,app_open_initial,2024-02-28,
636,add_money,2024-02-29,815.0
637,app_open_initial,2024-02-13,
637,add_money,2024-02-15,762.0
637,make_payment,2024-02-17,183.0
637,app_open_return,2024-02-18,
638,app_open_initial,2024-02-14,
639,app_open_initial,2024-02-01,
639,add_money,2024-02-03,328.0
639,make_payment,2024-02-03,170.0
639,set_up_direct_debit,2024-02-05,
639,app_open_return,2024-02-03,
640,app_open_initial,2024-02-14,
640,add_money,2024-02-14,669.0
640,make_payment,2024-02-15,128.0
640,app_open_return,2024-02-17,
641,app_open_initial,2024-03-02,
642,app_open_initial,2024-02-16,
643,app_open_initial,2024-01-22,
643,add_money,2024-01-22,94.0
643,app_open_return,2024-01-26,
644,app_open_initial,2024-03-21,
645,app_open_initial,2024-03-26,
645,add_money,2024-03-27,628.0
645,make_payment,2024-03-27,180.0
645,set_up_direct_debit,2024-03-27,
645,app_open_return,2024-03-30,
646,app_open_initial,2024-03-16,
646,add_money,2024-03-16,772.0
646,make_payment,2024-03-17,141.0
646,set_up_direct_debit,2024-03-19,
646,app_open_return,2024-03-22,
648,app_open_initial,2024-01-20,
648,add_money,2024-01-21,528.0
648,make_payment,2024-01-21,44.0
648,set_up_direct_debit,2024-01-22,
649,app_open_initial,2024-01-20,
649,add_money,2024-01-20,404.0
650,app_open_initial,2024-02-27,
650,add_money,2024-02-28,523.0
650,make_payment,2024-03-01,187.0
652,app_open_initial,2024-02-16,
652,add_money,2024-02-19,574.0
652,app_open_return,2024-02-23,
653,app_open_initial,2024-02-18,
653,add_money,2024-02-21,566.0
654,app_open_initial,2024-01-15,
654,add_money,2024-01-15,628.0
654,make_payment,2024-01-17,75.0
654,set_up_direct_debit,2024-01-18,
654,app_open_return,2024-01-19,
655,app_open_initial,2024-01-16,
655,add_money,2024-01-18,760.0
655,make_payment,2024-01-18,143.0
655,set_up_direct_debit,2024-01-20,
655,app_open_return,2024-01-22,
656,app_open_initial,2024-02-01,
656,add_money,2024-01-31,384.0
657,app_open_initial,2024-01-02,
657,add_money,2024-01-02,288.0
657,make_payment,2024-01-03,170.0
657,set_up_direct_debit,2024-01-03,
657,app_open_return,2024-01-04,
658,app_open_initial,2024-02-23,
658,add_money,2024-02-24,136.0
658,make_payment,2024-02-25,106.0
658,set_up_direct_debit,2024-02-28,
658,app_open_return,2024-02-29,
659,app_open_initial,2024-01-03,
660,app_open_initial,2024-01-17,
660,add_money,2024-01-18,911.0
660,make_payment,2024-01-20,158.0
660,set_up_direct_debit,2024-01-21,
661,app_open_initial,2024-03-27,
662,app_open_initial,2024-02-27,
662,add_money,2024-02-28,954.0
663,app_open_initial,2024-03-15,
664,app_open_initial,2024-01-13,
664,add_money,2024-01-13,491.0
664,make_payment,2024-01-13,25.0
664,app_open_return,2024-01-15,
665,app_open_initial,2024-03-14,
665,add_money,2024-03-16,754.0
666,app_open_initial,2024-01-16,
667,app_open_initial,2024-03-12,
667,add_money,2024-03-13,541.0
668,add_money,2024-03-17,238.0
669,app_open_initial,2024-01-24,
669,add_money,2024-01-25,738.0
670,app_open_initial,2024-01-28,
670,add_money,2024-01-29,304.0
670,make_payment,2024-02-01,9.0
670,set_up_direct_debit,2024-02-03,
670,app_open_return,2024-02-03,
671,app_open_initial,2024-01-08,
672,app_open_initial,2024-02-05,
673,app_open_initial,2024-03-31,
673,add_money,2024-03-31,266.0
673,app_open_return,2024-04-05,
674,app_open_initial,2024-01-09,
674,add_money,2024-01-10,902.0
674,app_open_return,2024-01-11,
675,app_open_initial,2024-02-28,
675,add_money,2024-03-01,826.0
675,make_payment,2024-03-02,142.0
675,app_open_return,2024-03-03,
676,app_open_initial,2024-02-29,
676,add_money,2024-03-02,474.0
676,app_open_return,2024-03-05,
677,app_open_initial,2024-02-19,
678,app_open_initial,2024-01-28,
679,app_open_initial,2024-02-10,
679,add_money,2024-02-13,889.0
680,app_open_initial,2024-03-05,
680,add_money,2024-03-05,863.0
680,make_payment,2024-03-05,121.0
680,app_open_return,2024-03-07,
681,app_open_initial,2024-01-28,
681,add_money,2024-01-28,686.0
681,make_payment,2024-01-28,70.0
681,set_up_direct_debit,2024-01-29,
682,app_open_initial,2024-03-03,
682,add_money,2024-03-06,417.0
682,make_payment,2024-03-06,133.0
682,set_up_direct_debit,2024-03-06,
682,app_open_return,2024-03-07,
683,app_open_initial,2024-01-17,
683,add_money,2024-01-20,541.0
683,make_payment,2024-01-20,197.0
683,set_up_direct_debit,2024-01-21,
684,app_open_initial,2024-03-14,
684,add_money,2024-03-15,292.0
684,make_payment,2024-03-18,19.0
685,app_open_initial,2024-02-02,
686,app_open_initial,2024-03-24,
686,add_money,2024-03-26,346.0
686,make_payment,2024-03-28,63.0
686,app_open_return,2024-03-26,
687,add_money,2024-03-19,51.0
687,app_open_return,2024-03-22,
688,app_open_initial,2024-01-29,
689,app_open_initial,2024-01-14,
689,add_money,2024-01-14,359.0
689,make_payment,2024-01-16,84.0
690,app_open_initial,2024-02-16,
690,add_money,2024-02-15,421.0
691,app_open_initial,2024-02-05,
692,app_open_initial,2024-01-07,
692,add_money,2024-01-09,433.0
692,make_payment,2024-01-11,43.0
692,set_up_direct_debit,2024-01-12,
692,app_open_return,2024-01-11,
693,app_open_initial,2024-03-22,
693,add_money,2024-03-22,150.0
693,make_payment,2024-03-25,146.0
694,app_open_initial,2024-03-09,
695,app_open_initial,2024-02-16,
696,app_open_initial,2024-01-25,
696,add_money,2024-01-28,916.0
696,app_open_return,2024-01-28,
698,app_open_initial,2024-01-11,
698,add_money,2024-01-10,623.0
699,app_open_initial,2024-02-25,
699,add_money,2024-02-26,206.0
700,app_open_initial,2024-01-30,
701,app_open_initial,2024-01-05,
702,app_open_initial,2024-02-03,
703,app_open_initial,2024-03-05,
703,app_open_return,2024-03-12,
704,app_open_initial,2024-01-19,
705,app_open_initial,2024-02-19,
706,app_open_initial,2024-01-11,
706,add_money,2024-01-12,163.0
706,make_payment,2024-01-14,189.0
706,set_up_direct_debit,2024-01-14,
706,app_open_return,2024-01-18,
707,app_open_initial,2024-03-26,
707,add_money,2024-03-25,792.0
708,app_open_initial,2024-01-26,
708,add_money,2024-01-29,625.0
709,app_open_initial,2024-03-03,
710,app_open_initial,2024-03-30,
711,app_open_initial,2024-03-27,
711,add_money,2024-03-27,935.0
712,app_open_initial,2024-02-29,
713,app_open_initial,2024-01-27,
714,app_open_initial,2024-02-18,
715,app_open_initial,2024-03-18,
715,add_money,2024-03-18,742.0
715,make_payment,2024-03-19,129.0
715,set_up_direct_debit,2024-03-22,
716,add_money,2024-02-05,330.0
717,app_open_initial,2024-01-01,
717,add_money,2024-01-04,75.0
717,make_payment,2024-01-06,132.0
717,set_up_direct_debit,2024-01-06,
717,app_open_return,2024-01-03,
718,app_open_initial,2024-01-21,
718,add_money,2024-01-23,577.0
719,app_open_initial,2024-02-24,
719,add_money,2024-02-24,738.0
719,make_payment,2024-02-25,17.0
719,set_up_direct_debit,2024-02-27,
719,app_open_return,2024-02-28,
720,app_open_initial,2024-01-06,
720,add_money,2024-01-09,766.0
721,app_open_initial,2024-03-22,
721,add_money,2024-03-22,607.0
721,app_open_return,2024-03-24,
722,app_open_initial,2024-03-10,
722,add_money,2024-03-09,808.0
722,make_payment,2024-03-10,74.0
722,app_open_return,2024-03-12,
723,app_open_initial,2024-01-05,
723,add_money,2024-01-07,712.0
723,make_payment,2024-01-10,182.0
723,app_open_return,2024-01-08,
724,app_open_initial,2024-01-03,
724,add_money,2024-01-06,947.0
725,add_money,2024-02-24,681.0
726,app_open_initial,2024-01-23,
726,add_money,2024-01-25,378.0
726,make_payment,2024-01-25,71.0
726,set_up_direct_debit,2024-01-26,
726,app_open_return,2024-01-25,
727,app_open_initial,2024-02-22,
727,add_money,2024-02-25,382.0
727,app_open_return,2024-02-26,
728,app_open_initial,2024-02-06,
728,add_money,2024-02-07,78.0
728,make_payment,2024-02-08,147.0
728,app_open_return,2024-02-10,
729,app_open_initial,2024-03-14,
730,app_open_initial,2024-03-14,
731,app_open_initial,2024-03-23,
731,add_money,2024-03-24,817.0
731,app_open_return,2024-03-27,
732,app_open_initial,2024-01-18,
732,add_money,2024-01-19,198.0
733,add_money,2024-03-28,605.0
733,make_payment,2024-03-28,21.0
733,app_open_return,2024-03-30,
734,app_open_initial,2024-03-18,
734,add_money,2024-03-21,351.0
735,app_open_initial,2024-03-13,
735,add_money,2024-03-15,777.0
736,app_open_initial,2024-01-01,
736,app_open_return,2024-01-03,
737,app_open_initial,2024-02-20,
737,add_money,2024-02-21,920.0
739,app_open_initial,2024-03-18,
739,add_money,2024-03-18,682.0
740,app_open_initial,2024-01-04,
740,add_money,2024-01-04,62.0
740,make_payment,2024-01-07,157.0
740,set_up_direct_debit,2024-01-09,
740,app_open_return,2024-01-10,
741,app_open_initial,2024-03-02,
741,add_money,2024-03-04,999.0
742,app_open_initial,2024-03-06,
742,add_money,2024-03-05,249.0
743,app_open_initial,2024-02-02,
743,add_money,2024-02-01,600.0
744,app_open_initial,2024-02-04,
745,app_open_initial,2024-03-13,
745,add_money,2024-03-15,556.0
746,app_open_initial,2024-02-08,
746,add_money,2024-02-08,379.0
746,app_open_return,2024-02-13,
747,app_open_initial,2024-01-27,
747,add_money,2024-01-28,523.0
748,app_open_initial,2024-02-03,
748,add_money,2024-02-03,450.0
748,make_payment,2024-02-05,190.0
748,app_open_return,2024-02-07,
749,app_open_initial,2024-02-24,
749,add_money,2024-02-25,495.0
750,app_open_initial,2024-01-03,
752,app_open_initial,2024-01-12,
752,add_money,2024-01-13,393.0
753,app_open_initial,2024-03-05,
753,add_money,2024-03-05,641.0
754,app_open_initial,2024-02-24,
754,add_money,2024-02-23,70.0
755,app_open_initial,2024-01-05,
755,add_money,2024-01-07,453.0
755,app_open_return,2024-01-11,
756,app_open_initial,2024-02-26,
756,add_money,2024-02-28,616.0
756,app_open_return,2024-02-29,
757,app_open_initial,2024-01-17,
758,add_money,2024-02-17,592.0
758,make_payment,2024-02-19,33.0
758,set_up_direct_debit,2024-02-19,
758,app_open_return,2024-02-21,
759,app_open_initial,2024-01-24,
759,add_money,2024-01-25,551.0
760,app_open_initial,2024-03-20,
760,add_money,2024-03-20,186.0
761,app_open_initial,2024-03-26,
761,add_money,2024-03-26,102.0
761,make_payment,2024-03-28,195.0
762,app_open_initial,2024-01-15,
762,add_money,2024-01-17,576.0
762,make_payment,2024-01-17,169.0
763,app_open_initial,2024-03-07,
763,add_money,2024-03-09,437.0
763,app_open_return,2024-03-10,
764,app_open_initial,2024-03-15,
764,add_money,2024-03-16,172.0
764,app_open_return,2024-03-18,
765,app_open_initial,2024-02-21,
765,add_money,2024-02-21,954.0
766,app_open_initial,2024-02-07,
766,add_money,2024-02-10,461.0
766,app_open_return,2024-02-10,
767,app_open_initial,2024-03-04,
767,add_money,2024-03-04,749.0
767,app_open_return,2024-03-10,
768,add_money,2024-02-10,570.0
768,make_payment,2024-02-12,105.0
768,app_open_return,2024-02-11,
769,app_open_initial,2024-02-19,
770,app_open_initial,2024-03-22,
771,app_open_initial,2024-01-30,
771,add_money,2024-01-30,529.0
771,make_payment,2024-02-02,146.0
771,set_up_direct_debit,2024-02-02,
771,app_open_return,2024-02-06,
772,app_open_initial,2024-03-20,
772,add_money,2024-03-22,278.0
772,make_payment,2024-03-23,38.0
772,app_open_return,2024-03-26,
773,app_open_initial,2024-02-20,
773,app_open_return,2024-02-24,
774,app_open_initial,2024-03-04,
774,add_money,2024-03-03,723.0
775,app_open_initial,2024-02-22,
775,add_money,2024-02-22,255.0
775,make_payment,2024-02-25,140.0
775,app_open_return,2024-02-26,
776,app_open_initial,2024-02-07,
776,add_money,2024-02-08,335.0
777,app_open_initial,2024-03-28,
777,add_money,2024-03-30,985.0
777,make_payment,2024-03-31,107.0
777,set_up_direct_debit,2024-04-01,
777,app_open_return,2024-04-04,
778,add_money,2024-03-22,458.0
779,app_open_initial,2024-01-30,
779,add_money,2024-01-31,965.0
779,make_payment,2024-02-03,143.0
779,app_open_return,2024-02-05,
780,app_open_initial,2024-02-21,
780,add_money,2024-02-21,570.0
781,app_open_initial,2024-03-22,
781,add_money,2024-03-22,669.0
782,app_open_initial,2024-01-05,
782,add_money,2024-01-07,373.0
783,app_open_initial,2024-01-29,
784,app_open_initial,2024-01-05,
784,add_money,2024-01-04,515.0
785,add_money,2024-01-13,270.0
786,app_open_initial,2024-02-25,
786,add_money,2024-02-26,285.0
787,app_open_initial,2024-01-17,
788,app_open_initial,2024-03-15,
788,add_money,2024-03-16,549.0
788,make_payment,2024-03-19,36.0
788,app_open_return,2024-03-16,
789,app_open_initial,2024-01-17,
789,add_money,2024-01-19,803.0
791,app_open_initial,2024-03-29,
791,add_money,2024-03-29,700.0
791,app_open_return,2024-04-01,
792,app_open_initial,2024-03-10,
792,add_money,2024-03-09,268.0
792,make_payment,2024-03-10,100.0
793,add_money,2024-02-04,782.0
793,make_payment,2024-02-07,117.0
794,app_open_initial,2024-01-07,
794,add_money,2024-01-08,170.0
794,make_payment,2024-01-11,61.0
794,app_open_return,2024-01-08,
795,add_money,2024-02-25,955.0
795,make_payment,2024-02-25,15.0
795,app_open_return,2024-02-28,
796,app_open_initial,2024-03-06,
796,add_money,2024-03-06,105.0
797,app_open_initial,2024-03-17,
797,add_money,2024-03-19,919.0
798,app_open_initial,2024-02-13,
798,add_money,2024-02-15,786.0
798,make_payment,2024-02-18,107.0
798,app_open_return,2024-02-15,
799,app_open_initial,2024-03-16,
799,add_money,2024-03-15,403.0
800,app_open_initial,2024-01-24,
801,app_open_initial,2024-02-25,
801,add_money,2024-02-26,704.0
801,make_payment,2024-02-28,37.0
802,app_open_initial,2024-03-21,
802,add_money,2024-03-21,908.0
803,app_open_initial,2024-03-15,
804,app_open_initial,2024-01-17,
804,add_money,2024-01-18,148.0
805,app_open_initial,2024-01-09,
805,add_money,2024-01-08,168.0
805,app_open_return,2024-01-10,
806,app_open_initial,2024-01-04,
806,add_money,2024-01-05,253.0
806,make_payment,2024-01-06,159.0
806,set_up_direct_debit,2024-01-08,
807,app_open_initial,2024-01-05,
808,add_money,2024-02-27,425.0
808,make_payment,2024-02-28,42.0
809,app_open_initial,2024-01-26,
809,add_money,2024-01-27,962.0
809,make_payment,2024-01-29,174.0
810,app_open_initial,2024-03-07,
810,add_money,2024-03-08,285.0
810,make_payment,2024-03-10,186.0
810,set_up_direct_debit,2024-03-10,
811,app_open_initial,2024-03-08,
811,add_money,2024-03-10,135.0
812,app_open_initial,2024-01-27,
812,add_money,2024-01-29,965.0
812,app_open_return,2024-01-31,
813,add_money,2024-02-02,241.0
813,make_payment,2024-02-05,183.0
813,set_up_direct_debit,2024-02-05,
813,app_open_return,2024-02-05,
814,app_open_initial,2024-02-19,
814,add_money,2024-02-20,989.0
815,app_open_initial,2024-03-02,
815,add_money,2024-03-04,696.0
815,make_payment,2024-03-04,135.0
815,set_up_direct_debit,2024-03-07,
815,app_open_return,2024-03-06,
816,app_open_initial,2024-02-21,
817,app_open_initial,2024-01-20,
818,app_open_initial,2024-01-21,
818,add_money,2024-01-23,721.0
819,add_money,2024-01-06,406.0
820,app_open_initial,2024-03-23,
820,add_money,2024-03-23,230.0
820,app_open_return,2024-03-29,
821,app_open_initial,2024-02-12,
822,app_open_initial,2024-03-01,
822,add_money,2024-03-01,187.0
822,app_open_return,2024-03-03,
823,add_money,2024-01-25,360.0
823,make_payment,2024-01-27,97.0
823,set_up_direct_debit,2024-01-27,
824,app_open_initial,2024-01-21,
824,add_money,2024-01-23,501.0
825,add_money,2024-03-12,393.0
826,app_open_initial,2024-01-01,
827,app_open_initial,2024-01-05,
828,app_open_initial,2024-01-12,
828,add_money,2024-01-12,65.0
829,app_open_initial,2024-03-31,
830,app_open_initial,2024-02-16,
830,add_money,2024-02-17,622.0
830,make_payment,2024-02-17,107.0
830,app_open_return,2024-02-19,
831,app_open_initial,2024-02-03,
831,add_money,2024-02-04,674.0
832,app_open_initial,2024-02-18,
832,add_money,2024-02-20,242.0
832,app_open_return,2024-02-23,
833,app_open_initial,2024-03-18,
833,add_money,2024-03-21,101.0
833,make_payment,2024-03-21,35.0
833,app_open_return,2024-03-24,
834,app_open_initial,2024-03-31,
834,add_money,2024-03-31,558.0
834,make_payment,2024-04-02,90.0
834,set_up_direct_debit,2024-04-05,
835,app_open_initial,2024-02-15,
835,add_money,2024-02-14,715.0
835,app_open_return,2024-02-21,
836,app_open_initial,2024-01-27,
836,add_money,2024-01-30,799.0
837,app_open_initial,2024-03-14,
837,add_money,2024-03-15,402.0
838,app_open_initial,2024-01-27,
838,add_money,2024-01-28,190.0
838,make_payment,2024-01-29,81.0
838,app_open_return,2024-01-30,
839,app_open_initial,2024-02-16,
839,add_money,2024-02-18,609.0
839,app_open_return,2024-02-21,
840,add_money,2024-03-26,390.0
841,app_open_initial,2024-02-25,
841,add_money,2024-02-26,412.0
842,app_open_initial,2024-03-03,
843,app_open_initial,2024-02-18,
843,add_money,2024-02-18,71.0
844,app_open_initial,2024-03-02,
844,add_money,2024-03-04,919.0
844,make_payment,2024-03-05,110.0
845,app_open_initial,2024-03-22,
845,add_money,2024-03-22,600.0
845,make_payment,2024-03-25,56.0
846,add_money,2024-01-26,177.0
847,app_open_initial,2024-02-06,
847,add_money,2024-02-07,860.0
847,make_payment,2024-02-09,60.0
847,set_up_direct_debit,2024-02-11,
847,app_open_return,2024-02-10,
848,add_money,2024-01-02,120.0
848,make_payment,2024-01-03,120.0
848,app_open_return,2024-01-06,
849,app_open_initial,2024-01-09,
849,add_money,2024-01-09,859.0
850,app_open_initial,2024-02-21,
850,add_money,2024-02-24,622.0
851,app_open_initial,2024-03-20,
851,add_money,2024-03-19,335.0
851,make_payment,2024-03-22,18.0
851,app_open_return,2024-03-24,
852,app_open_initial,2024-02-16,
852,add_money,2024-02-16,713.0
852,app_open_return,2024-02-23,
853,app_open_initial,2024-02-25,
853,add_money,2024-02-27,860.0
854,app_open_initial,2024-03-27,
854,add_money,2024-03-28,436.0
854,make_payment,2024-03-30,146.0
854,app_open_return,2024-03-29,
855,app_open_initial,2024-01-14,
855,add_money,2024-01-14,683.0
855,make_payment,2024-01-14,162.0
855,set_up_direct_debit,2024-01-16,
855,app_open_return,2024-01-16,
856,app_open_initial,2024-03-31,
857,app_open_initial,2024-01-29,
857,add_money,2024-01-28,501.0
857,make_payment,2024-01-31,154.0
857,set_up_direct_debit,2024-02-01,
858,app_open_initial,2024-03-27,
858,add_money,2024-03-29,56.0
858,make_payment,2024-04-01,133.0
859,app_open_initial,2024-03-18,
859,add_money,2024-03-19,263.0
859,make_payment,2024-03-19,129.0
860,app_open_initial,2024-03-29,
860,add_money,2024-03-29,969.0
860,make_payment,2024-03-29,136.0
860,app_open_return,2024-04-03,
861,app_open_initial,2024-01-03,
861,add_money,2024-01-03,516.0
862,add_money,2024-01-27,646.0
862,make_payment,2024-01-29,19.0
863,app_open_initial,2024-01-15,
863,add_money,2024-01-16,617.0
863,make_payment,2024-01-16,109.0
863,set_up_direct_debit,2024-01-17,
864,app_open_initial,2024-02-28,
864,add_money,2024-03-02,631.0
864,make_payment,2024-03-03,173.0
865,app_open_initial,2024-02-25,
866,app_open_initial,2024-01-08,
866,app_open_return,2024-01-12,
867,app_open_initial,2024-01-04,
867,add_money,2024-01-03,590.0
867,make_payment,2024-01-04,110.0
867,set_up_direct_debit,2024-01-04,
867,app_open_return,2024-01-05,
868,app_open_initial,2024-01-24,
868,add_money,2024-01-24,392.0
869,add_money,2024-01-18,315.0
869,make_payment,2024-01-18,81.0
869,set_up_direct_debit,2024-01-21,
869,app_open_return,2024-01-23,
870,add_money,2024-02-09,706.0
870,app_open_return,2024-02-11,
871,app_open_initial,2024-01-16,
871,add_money,2024-01-17,369.0
872,app_open_initial,2024-03-04,
872,add_money,2024-03-05,758.0
872,make_payment,2024-03-07,149.0
873,app_open_initial,2024-03-29,
873,add_money,2024-03-30,939.0
874,app_open_initial,2024-01-29,
875,app_open_initial,2024-03-15,
876,app_open_initial,2024-02-09,
877,add_money,2024-02-29,569.0
878,app_open_initial,2024-01-18,
878,add_money,2024-01-17,348.0
879,app_open_initial,2024-03-27,
879,add_money,2024-03-27,250.0
879,make_payment,2024-03-29,46.0
879,set_up_direct_debit,2024-03-29,
879,app_open_return,2024-04-02,
880,add_money,2024-04-01,194.0
881,app_open_initial,2024-02-13,
881,add_money,2024-02-14,202.0
882,app_open_initial,2024-01-26,
883,app_open_initial,2024-01-18,
883,add_money,2024-01-17,778.0
883,make_payment,2024-01-20,77.0
884,app_open_initial,2024-01-13,
884,add_money,2024-01-14,505.0
884,make_payment,2024-01-17,198.0
884,set_up_direct_debit,2024-01-18,
885,app_open_initial,2024-03-24,
885,add_money,2024-03-25,488.0
886,app_open_initial,2024-01-26,
886,add_money,2024-01-25,962.0
886,make_payment,2024-01-26,79.0
887,add_money,2024-03-09,994.0
888,app_open_initial,2024-01-11,
888,add_money,2024-01-10,302.0
888,make_payment,2024-01-13,140.0
888,app_open_return,2024-01-17,
889,app_open_initial,2024-03-07,
890,add_money,2024-01-21,188.0
891,app_open_initial,2024-03-27,
891,add_money,2024-03-28,733.0
892,add_money,2024-02-03,485.0
893,app_open_initial,2024-01-08,
893,add_money,2024-01-08,126.0
894,app_open_initial,2024-02-09,
894,add_money,2024-02-11,137.0
895,app_open_initial,2024-03-23,
895,add_money,2024-03-24,766.0
896,app_open_initial,2024-02-12,
896,add_money,2024-02-11,962.0
896,app_open_return,2024-02-18,
897,add_money,2024-02-11,770.0
897,make_payment,2024-02-14,7.0
898,app_open_initial,2024-01-06,
898,add_money,2024-01-08,610.0
899,add_money,2024-02-23,653.0
899,make_payment,2024-02-24,98.0
900,app_open_initial,2024-01-27,
900,add_money,2024-01-29,279.0
901,app_open_initial,2024-03-04,
901,add_money,2024-03-04,613.0
901,app_open_return,2024-03-07,
902,app_open_initial,2024-02-28,
903,app_open_initial,2024-02-25,
903,app_open_return,2024-03-03,
904,app_open_initial,2024-02-29,
905,app_open_initial,2024-03-11,
906,app_open_initial,2024-02-02,
906,add_money,2024-02-04,672.0
906,make_payment,2024-02-04,31.0
906,app_open_return,2024-02-06,
907,app_open_initial,2024-02-22,
907,add_money,2024-02-24,918.0
907,make_payment,2024-02-25,24.0
907,set_up_direct_debit,2024-02-25,
908,app_open_initial,2024-01-23,
908,add_money,2024-01-24,518.0
908,make_payment,2024-01-24,160.0
908,set_up_direct_debit,2024-01-27,
908,app_open_return,2024-01-29,
909,app_open_initial,2024-01-22,
910,app_open_initial,2024-03-10,
910,add_money,2024-03-13,671.0
910,app_open_return,2024-03-14,
911,app_open_initial,2024-03-11,
911,add_money,2024-03-11,414.0
911,make_payment,2024-03-14,194.0
911,set_up_direct_debit,2024-03-17,
911,app_open_return,2024-03-15,
912,app_open_initial,2024-01-04,
912,add_money,2024-01-07,762.0
912,make_payment,2024-01-08,93.0
913,app_open_initial,2024-03-15,
913,add_money,2024-03-18,886.0
914,app_open_initial,2024-03-03,
914,add_money,2024-03-05,338.0
914,make_payment,2024-03-06,5.0
914,app_open_return,2024-03-05,
915,app_open_initial,2024-03-03,
915,add_money,2024-03-05,672.0
915,app_open_return,2024-03-05,
916,app_open_initial,2024-01-25,
916,add_money,2024-01-24,377.0
916,make_payment,2024-01-27,146.0
916,set_up_direct_debit,2024-01-28,
917,app_open_initial,2024-02-24,
917,add_money,2024-02-24,395.0
918,app_open_initial,2024-01-09,
918,add_money,2024-01-10,429.0
918,make_payment,2024-01-10,92.0
918,app_open_return,2024-01-12,
919,app_open_initial,2024-01-04,
919,add_money,2024-01-06,77.0
919,make_payment,2024-01-08,176.0
919,set_up_direct_debit,2024-01-08,
920,app_open_initial,2024-02-01,
920,add_money,2024-02-01,153.0
920,make_payment,2024-02-02,176.0
920,app_open_return,2024-02-03,
921,app_open_initial,2024-02-10,
922,app_open_initial,2024-02-05,
922,add_money,2024-02-07,512.0
922,make_payment,2024-02-07,60.0
922,set_up_direct_debit,2024-02-09,
922,app_open_return,2024-02-08,
923,app_open_initial,2024-01-24,
924,app_open_initial,2024-01-07,
924,add_money,2024-01-07,271.0
924,app_open_return,2024-01-08,
925,app_open_initial,2024-03-06,
925,add_money,2024-03-07,651.0
926,app_open_initial,2024-03-25,
926,add_money,2024-03-24,414.0
927,app_open_initial,2024-03-15,
927,add_money,2024-03-15,881.0
927,app_open_return,2024-03-17,
928,app_open_initial,2024-01-05,
929,app_open_initial,2024-03-20,
929,add_money,2024-03-19,461.0
930,app_open_initial,2024-01-07,
930,add_money,2024-01-07,832.0
931,app_open_initial,2024-02-21,
931,add_money,2024-02-23,686.0
932,app_open_initial,2024-03-03,
932,add_money,2024-03-03,909.0
932,make_payment,2024-03-03,17.0
932,app_open_return,2024-03-08,
933,app_open_initial,2024-02-26,
933,add_money,2024-02-26,205.0
934,app_open_initial,2024-03-06,
934,add_money,2024-03-09,622.0
934,make_payment,2024-03-12,78.0
934,app_open_return,2024-03-09,
935,app_open_initial,2024-03-19,
935,add_money,2024-03-22,148.0
935,make_payment,2024-03-23,186.0
936,add_money,2024-03-15,868.0
936,make_payment,2024-03-16,118.0
937,add_money,2024-01-08,218.0
937,make_payment,2024-01-08,123.0
938,app_open_initial,2024-01-26,
938,add_money,2024-01-26,72.0
938,make_payment,2024-01-29,10.0
938,set_up_direct_debit,2024-02-01,
938,app_open_return,2024-02-01,
939,app_open_initial,2024-02-21,
939,add_money,2024-02-22,810.0
940,app_open_initial,2024-02-15,
941,add_money,2024-02-14,553.0
941,make_payment,2024-02-17,165.0
941,app_open_return,2024-02-15,
942,add_money,2024-01-05,948.0
942,app_open_return,2024-01-07,
943,app_open_initial,2024-03-11,
943,add_money,2024-03-13,760.0
944,app_open_initial,2024-01-27,
944,add_money,2024-01-28,256.0
944,make_payment,2024-01-31,8.0
945,app_open_initial,2024-03-09,
945,add_money,2024-03-10,623.0
945,make_payment,2024-03-13,115.0
946,app_open_initial,2024-01-19,
946,add_money,2024-01-20,247.0
946,make_payment,2024-01-23,35.0
946,set_up_direct_debit,2024-01-25,
946,app_open_return,2024-01-24,
947,app_open_initial,2024-03-24,
948,app_open_initial,2024-01-21,
948,add_money,2024-01-23,763.0
949,app_open_initial,2024-01-12,
950,app_open_initial,2024-02-16,
950,add_money,2024-02-16,406.0
950,make_payment,2024-02-17,61.0
950,app_open_return,2024-02-18,
951,app_open_initial,2024-01-02,
951,add_money,2024-01-01,498.0
951,make_payment,2024-01-04,135.0
951,set_up_direct_debit,2024-01-07,
951,app_open_return,2024-01-04,
952,app_open_initial,2024-03-31,
952,add_money,2024-03-31,469.0
952,make_payment,2024-03-31,80.0
952,set_up_direct_debit,2024-04-01,
953,app_open_initial,2024-01-15,
953,add_money,2024-01-14,95.0
953,make_payment,2024-01-14,84.0
953,set_up_direct_debit,2024-01-17,
953,app_open_return,2024-01-20,
954,add_money,2024-03-05,114.0
954,make_payment,2024-03-05,149.0
954,app_open_return,2024-03-11,
955,app_open_initial,2024-02-08,
955,add_money,2024-02-08,592.0
955,make_payment,2024-02-09,163.0
955,set_up_direct_debit,2024-02-09,
955,app_open_return,2024-02-11,
956,app_open_initial,2024-02-07,
957,add_money,2024-01-11,720.0
957,make_payment,2024-01-14,40.0
957,app_open_return,2024-01-13,
958,app_open_initial,2024-03-18,
958,add_money,2024-03-18,455.0
959,app_open_initial,2024-01-04,
959,add_money,2024-01-06,385.0
959,app_open_return,2024-01-08,
960,app_open_initial,2024-02-02,
961,add_money,2024-01-06,477.0
962,app_open_initial,2024-02-20,
962,add_money,2024-02-19,510.0
962,app_open_return,2024-02-23,
963,app_open_initial,2024-01-11,
963,add_money,2024-01-11,219.0
963,make_payment,2024-01-11,199.0
963,app_open_return,2024-01-12,
964,app_open_initial,2024-01-06,
964,add_money,2024-01-06,622.0
965,app_open_initial,2024-01-23,
965,app_open_return,2024-01-30,
966,app_open_initial,2024-01-11,
966,add_money,2024-01-13,175.0
967,app_open_initial,2024-02-14,
967,add_money,2024-02-15,523.0
967,app_open_return,2024-02-16,
968,app_open_initial,2024-01-03,
968,add_money,2024-01-03,815.0
968,make_payment,2024-01-06,63.0
969,app_open_initial,2024-01-13,
969,add_money,2024-01-16,360.0
969,make_payment,2024-01-16,25.0
969,set_up_direct_debit,2024-01-19,
969,app_open_return,2024-01-18,
970,app_open_initial,2024-02-09,
970,add_money,2024-02-10,881.0
970,make_payment,2024-02-10,72.0
970,app_open_return,2024-02-13,
971,app_open_initial,2024-01-02,
971,add_money,2024-01-04,635.0
972,app_open_initial,2024-03-24,
972,add_money,2024-03-25,528.0
973,app_open_initial,2024-03-05,
973,add_money,2024-03-05,149.0
973,make_payment,2024-03-06,94.0
973,set_up_direct_debit,2024-03-07,
974,add_money,2024-03-05,902.0
974,app_open_return,2024-03-09,
975,app_open_initial,2024-03-13,
976,app_open_initial,2024-01-17,
977,app_open_initial,2024-01-09,
979,app_open_initial,2024-01-16,
979,add_money,2024-01-15,546.0
980,app_open_initial,2024-01-24,
980,app_open_return,2024-01-26,
981,app_open_initial,2024-02-07,
981,add_money,2024-02-08,521.0
981,make_payment,2024-02-10,81.0
981,app_open_return,2024-02-10,
982,app_open_initial,2024-02-04,
982,add_money,2024-02-07,958.0
983,add_money,2024-02-21,376.0
983,make_payment,2024-02-22,193.0
983,set_up_direct_debit,2024-02-25,
984,app_open_initial,2024-03-09,
984,add_money,2024-03-09,686.0
985,app_open_initial,2024-03-02,
985,add_money,2024-03-03,531.0
985,make_payment,2024-03-03,8.0
985,set_up_direct_debit,2024-03-06,
985,app_open_return,2024-03-04,
986,app_open_initial,2024-03-01,
986,app_open_return,2024-03-03,
987,app_open_initial,2024-02-20,
987,add_money,2024-02-20,61.0
988,app_open_initial,2024-03-19,
988,add_money,2024-03-20,577.0
989,app_open_initial,2024-03-15,
989,add_money,2024-03-15,702.0
989,make_payment,2024-03-18,131.0
990,app_open_initial,2024-01-09,
991,app_open_initial,2024-02-04,
992,app_open_initial,2024-03-16,
992,add_money,2024-03-17,69.0
992,app_open_return,2024-03-23,
993,app_open_initial,2024-02-04,
993,add_money,2024-02-05,133.0
994,app_open_initial,2024-01-02,
995,app_open_initial,2024-02-09,
995,add_money,2024-02-09,53.0
996,app_open_initial,2024-03-04,
996,add_money,2024-03-06,850.0
996,make_payment,2024-03-06,16.0
996,set_up_direct_debit,2024-03-09,
996,app_open_return,2024-03-11,
997,app_open_initial,2024-01-23,
997,add_money,2024-01-25,233.0
997,make_payment,2024-01-26,84.0
997,set_up_direct_debit,2024-01-27,
997,app_open_return,2024-01-27,
998,app_open_initial,2024-03-01,
998,add_money,2024-02-29,545.0
998,make_payment,2024-03-01,13.0
999,app_open_initial,2024-03-04,
999,add_money,2024-03-05,686.0
999,app_open_return,2024-03-11,
1000,add_money,2024-03-15,835.0
